Name with Owner,Created Timestamp,Updated Timestamp,Stars Count,Language,Rating
myGrid/euca-aws-bridge-gem,2010-09-08 11:07:31 UTC,2012-12-15 03:52:00 UTC,1,,0.0
railslove/backpack-journal,2010-11-22 10:00:53 UTC,2012-12-16 00:22:15 UTC,1,Ruby,0.05
FPU/rforce-wrapper,2011-02-22 07:19:11 UTC,2012-12-24 20:24:17 UTC,1,Ruby,0.06
vavavr00m/simile-widgets,2015-04-06 10:58:03 UTC,2017-09-02 14:00:58 UTC,0,JavaScript,0.07
sergi/activejs,2009-10-27 20:56:56 UTC,2012-12-13 02:33:28 UTC,2,JavaScript,0.09
caseproof/ror_ecommerce,2011-01-23 01:27:42 UTC,2012-12-17 19:55:22 UTC,1,JavaScript,0.09
kaendfinger/google-code-prettify,2015-03-16 15:07:06 UTC,2015-03-16 15:09:06 UTC,0,JavaScript,0.11
vavavr00m/galleriffic,2015-04-05 19:46:46 UTC,2017-09-02 14:00:57 UTC,0,HTML,0.11
ninja-loss/g_named_scope_filters,2010-12-02 00:53:03 UTC,2012-12-16 01:20:38 UTC,1,Ruby,0.12
DJALILBrahim/openintents,2015-04-27 16:51:51 UTC,2015-04-27 16:51:51 UTC,0,,0.13
elkorn/ireader-extension,2015-03-27 16:42:31 UTC,2018-01-27 07:02:44 UTC,0,HTML,0.13
saintbyte/superputty,2015-03-26 16:43:50 UTC,2017-09-03 10:01:02 UTC,0,C#,0.14
owais/django-project-skeleton,2011-01-10 18:24:51 UTC,2012-12-17 17:09:24 UTC,1,Python,0.15
capita/exception_notification,2010-11-19 08:28:36 UTC,2012-12-16 00:07:23 UTC,1,Ruby,0.15
caelum/restful-explorer,2010-05-11 13:55:33 UTC,2012-12-14 16:40:30 UTC,1,Ruby,0.16
lagged/Lagged_Cache,2010-11-12 09:36:16 UTC,2012-12-15 23:29:23 UTC,1,,0.16
yii2-developer/phpquery,2015-05-25 18:00:07 UTC,2018-02-22 05:48:37 UTC,1,PHP,0.17
welterde/go-pkg-optarg,2010-10-17 21:14:48 UTC,2012-12-15 08:29:52 UTC,1,Go,0.17
pastukhov/sams2,2015-03-14 05:45:31 UTC,2017-10-29 05:05:59 UTC,0,PHP,0.19
aguai/soundflower,2015-03-19 10:18:30 UTC,2018-01-27 07:00:57 UTC,0,Objective-C,0.19
pronique/hostcli,2009-01-23 19:43:15 UTC,2012-12-12 19:41:04 UTC,1,,0.2
amberbit/git-hooks,2009-08-05 10:02:49 UTC,2012-12-13 00:03:23 UTC,1,,0.2
railslove/json-schema-browser,2011-08-26 09:42:03 UTC,2013-01-04 03:14:33 UTC,1,JavaScript,0.21
screscent/goconfig-1,2012-12-10 01:54:46 UTC,2013-01-13 14:09:39 UTC,0,Go,0.21
traveliq/httpi,2010-09-13 12:47:37 UTC,2012-12-15 04:14:35 UTC,1,Ruby,0.22
TechnoGate/parseconfig,2011-01-20 14:49:11 UTC,2012-12-17 19:19:27 UTC,1,Ruby,0.22
sprucemedia/kache,2012-02-16 14:33:52 UTC,2013-01-07 21:35:30 UTC,1,JavaScript,0.23
nemein/openpsa,2010-11-04 14:25:19 UTC,2012-12-15 22:43:52 UTC,1,PHP,0.23
splendeo/splendeo.github.com,2010-05-28 07:51:36 UTC,2012-12-14 17:41:11 UTC,1,JavaScript,0.24
vavavr00m/boto,2015-04-05 15:30:48 UTC,2018-02-16 11:01:01 UTC,0,Python,0.24
werdewelt/google-maps-utility-library-v3,2015-03-25 13:26:18 UTC,2015-03-25 13:47:06 UTC,0,JavaScript,0.25
disruptive/Mountain.rb,2010-10-07 15:51:11 UTC,2012-12-15 07:21:55 UTC,1,,0.25
Viximo/hoptoad-api,2011-01-31 15:30:53 UTC,2012-12-17 22:19:27 UTC,1,Ruby,0.26
square/errbit,2010-10-22 18:01:23 UTC,2012-12-15 21:43:28 UTC,2,Ruby,0.26
browsermedia/test-lh-import,2011-05-06 18:41:01 UTC,2013-01-02 01:53:17 UTC,1,,0.28
YEDev/Marketo,2012-06-16 01:08:38 UTC,2013-01-09 17:36:20 UTC,1,Ruby,0.28
gonuts/godot,2012-09-21 12:26:04 UTC,2013-01-12 08:25:53 UTC,0,Go,0.29
lordmortis/openvg,2012-10-02 05:12:45 UTC,2013-01-12 12:19:13 UTC,0,Go,0.29
felixanya/go,2013-01-12 15:22:35 UTC,2013-01-14 02:16:48 UTC,0,Go,0.3
sethkontny/iphone-dataprotection,2015-03-30 06:21:05 UTC,2017-04-03 05:43:48 UTC,0,C,0.3
jayschwa/groke,2013-01-13 19:11:18 UTC,2013-01-14 06:41:10 UTC,0,Go,0.31
smartlogic/aws-s3,2010-10-19 17:21:46 UTC,2012-12-15 08:51:19 UTC,1,Ruby,0.31
Casecommons/net-ssh-gateway,2011-03-03 16:13:51 UTC,2012-12-25 07:33:08 UTC,1,Ruby,0.32
openteam/ruby-spreadsheet,2010-12-20 12:11:58 UTC,2012-12-16 03:24:41 UTC,2,Ruby,0.32
jheuer/wase_contest,2009-11-16 01:32:46 UTC,2012-12-13 14:12:56 UTC,1,Ruby,0.33
av75ro/test-prj,2010-06-24 21:16:35 UTC,2012-12-14 19:24:31 UTC,1,,0.33
cbbrowne/go-pgsql,2010-11-22 22:55:24 UTC,2012-12-16 00:26:15 UTC,1,Go,0.34
forgotten-labors/wallet,2011-12-23 02:10:27 UTC,2013-01-04 23:06:14 UTC,1,Ruby,0.34
repos-go/twister,2012-05-26 01:51:03 UTC,2013-01-09 08:49:40 UTC,1,Go,0.35
openlogic/newrelic_api,2011-10-18 22:43:47 UTC,2013-01-04 11:31:59 UTC,1,Ruby,0.35
dpaola2/Arrrrdio,2012-02-20 22:30:20 UTC,2013-01-07 22:48:02 UTC,1,JavaScript,0.36
featurist/node-js-7digital-shared-playlists,2012-04-23 08:59:53 UTC,2013-01-08 20:58:27 UTC,1,JavaScript,0.36
astrails/Bootstrap-Image-Gallery,2012-03-29 13:16:32 UTC,2013-01-08 11:20:44 UTC,1,JavaScript,0.37
krautcomputing/zocial,2012-07-03 20:37:25 UTC,2013-01-10 23:15:41 UTC,1,Ruby,0.37
fmstephe/eventsource,2012-11-03 23:36:03 UTC,2013-01-12 23:20:12 UTC,0,Go,0.38
gonuts/go-shellquote,2012-12-05 20:59:33 UTC,2013-01-13 12:41:24 UTC,0,Go,0.38
GrumpyWizards/Adventurous,2015-01-29 09:26:45 UTC,2015-05-08 15:41:18 UTC,0,JavaScript,0.39
bendyworks/ruby-ole,2010-03-08 22:32:33 UTC,2012-12-14 02:07:00 UTC,1,D,0.39
goodybag/node-transloadit,2012-01-31 20:03:35 UTC,2013-01-07 07:21:26 UTC,1,JavaScript,0.4
otupman/driftwood.js,2013-02-26 15:10:40 UTC,2013-02-26 15:20:12 UTC,0,JavaScript,0.4
LoudDoor/github-trello,2012-05-15 15:58:55 UTC,2013-01-09 04:48:30 UTC,1,Ruby,0.41
cleitonfco/hackernews-button,2012-04-19 13:33:41 UTC,2013-01-08 19:36:12 UTC,1,Go,0.41
dcosson/golog,2012-10-08 21:44:05 UTC,2013-01-12 14:14:07 UTC,0,Go,0.42
gonuts/goblin,2013-01-27 09:22:24 UTC,2013-01-27 09:22:24 UTC,0,Go,0.42
andradeandrey/autohttperf,2011-12-03 13:04:12 UTC,2013-01-04 19:12:33 UTC,1,Go,0.43
amco/tap_out,2011-12-22 21:09:47 UTC,2013-01-04 23:03:56 UTC,1,Ruby,0.43
mss/javafuse,2015-03-17 17:33:19 UTC,2015-03-17 18:30:44 UTC,0,C,0.44
mrosset/termbox-go,2012-03-22 01:22:18 UTC,2013-01-08 08:10:09 UTC,1,Go,0.44
dcasciotti/demo,2010-12-05 18:09:09 UTC,2012-12-16 01:42:42 UTC,1,Ruby,0.45
Wolg/dj-skeletor,2012-06-04 03:51:49 UTC,2013-01-09 12:13:42 UTC,1,Python,0.45
ebrpol/GitHubTest,2012-12-28 00:28:25 UTC,2013-01-13 20:39:57 UTC,0,,0.46
okulbilisim/sipml5,2015-03-30 06:26:32 UTC,2017-07-22 08:36:37 UTC,0,JavaScript,0.46
Greplin/qc,2012-10-13 22:20:31 UTC,2013-01-12 16:08:25 UTC,0,Python,0.47
fanweixiao/spdy,2012-07-16 04:00:04 UTC,2013-01-11 05:43:55 UTC,1,Ruby,0.47
tricknotes/chanko,2011-12-21 08:21:30 UTC,2013-01-04 22:46:00 UTC,2,Ruby,0.48
logan/tallier,2013-03-21 22:57:17 UTC,2013-05-08 18:35:23 UTC,0,Go,0.48
visfleet/Radiator,2010-08-10 20:17:18 UTC,2012-12-15 01:52:27 UTC,1,ActionScript,0.49
punkave/jot,2013-02-05 21:16:28 UTC,2013-02-06 21:08:02 UTC,0,JavaScript,0.49
fullcontact/rainmaker-api-ruby,2011-06-01 22:41:00 UTC,2013-01-02 22:05:06 UTC,3,Ruby,0.5
spire-io/dynasaur,2012-07-16 19:15:11 UTC,2013-01-11 06:02:36 UTC,1,CoffeeScript,0.5
timcubb/donut,2013-06-24 21:29:33 UTC,2013-06-24 21:29:33 UTC,0,Go,0.51
bit3archive/contao-phpless,2012-05-05 18:26:07 UTC,2018-01-28 02:03:38 UTC,0,PHP,0.51
sixdegrees/guard-coffeedripper,2011-10-01 15:45:59 UTC,2013-01-04 08:39:51 UTC,2,Ruby,0.52
nikai3d/gobyexample,2012-11-23 15:37:01 UTC,2013-01-13 07:16:09 UTC,0,Go,0.52
fourchimps/fourchimps,2012-08-10 16:14:36 UTC,2013-01-11 17:01:30 UTC,0,,0.53
kulasama/beedb,2012-10-19 09:39:42 UTC,2013-01-12 18:06:36 UTC,0,Go,0.53
aetrion/net-dns,2010-08-27 01:49:22 UTC,2012-12-15 03:00:31 UTC,3,Ruby,0.54
uhop/fun,2012-12-23 19:58:51 UTC,2013-01-13 19:30:59 UTC,0,,0.54
highgroove/databasedotcom,2012-05-17 18:19:19 UTC,2013-01-09 05:34:11 UTC,1,Ruby,0.55
Peksa/Projects,2013-07-25 19:03:58 UTC,2013-07-28 13:02:12 UTC,0,Go,0.55
spartacusX/go-gtk3,2013-10-02 03:58:21 UTC,2013-10-02 03:58:21 UTC,0,Go,0.56
peterSZW/gform,2013-03-15 02:19:22 UTC,2013-03-15 02:19:22 UTC,0,Go,0.56
kasworld/go-algorithms,2015-02-24 01:04:45 UTC,2015-02-24 01:04:45 UTC,0,Go,0.57
wrthomps/go-libGeoIP,2012-07-05 19:11:02 UTC,2013-01-11 00:30:21 UTC,1,Go,0.57
MrPetru/mapo,2012-11-11 22:30:51 UTC,2013-03-05 18:05:31 UTC,0,Go,0.58
dongwq/go-rpc,2013-06-02 16:33:16 UTC,2013-06-02 16:33:16 UTC,0,Go,0.58
gwoo/godrone,2013-12-15 01:32:53 UTC,2013-12-15 02:19:58 UTC,0,Go,0.59
hardPass/go-urlrouter,2013-04-11 03:31:02 UTC,2013-04-11 03:31:02 UTC,0,Go,0.59
jtacoma/gat,2013-03-19 03:05:03 UTC,2014-06-20 03:32:00 UTC,0,Go,0.6
timcubb/mdns,2013-06-24 21:29:03 UTC,2013-06-24 21:29:03 UTC,0,Go,0.6
esminc/heroku_backup_task,2011-05-10 07:43:00 UTC,2013-01-02 02:30:37 UTC,1,Ruby,0.61
DeedleFake/go-gtk,2011-08-05 18:40:26 UTC,2013-01-04 00:25:22 UTC,1,Go,0.61
theckman/go-charset,2015-03-14 13:30:57 UTC,2017-03-03 21:09:19 UTC,0,Go,0.62
bangthetable/devise_oauth2_providable,2012-08-01 02:06:07 UTC,2013-01-11 12:56:19 UTC,1,Ruby,0.62
debackerl/nosurf,2013-08-28 18:54:50 UTC,2013-08-28 18:54:51 UTC,0,Go,0.63
AKSW/MobileDSSN,2011-08-15 13:56:44 UTC,2013-01-04 01:37:38 UTC,2,JavaScript,0.63
ZhangBanger/dropbox-go,2013-09-12 23:23:57 UTC,2013-09-20 01:16:14 UTC,0,Go,0.64
corgibytes/engine,2011-06-15 18:23:21 UTC,2013-01-03 17:21:46 UTC,1,Ruby,0.64
evilebottnawi/flowjs,2015-03-21 18:25:17 UTC,2017-09-03 10:36:31 UTC,0,JavaScript,0.65
lazytiger/agora,2013-10-09 10:47:33 UTC,2013-10-09 10:47:34 UTC,0,Go,0.65
lchg/goconf,2015-05-08 03:10:58 UTC,2018-01-29 07:10:47 UTC,0,Go,0.66
Supermighty/feeds,2013-09-20 10:22:48 UTC,2014-02-10 19:42:37 UTC,0,Go,0.66
Wiakowe/JMSPaymentPaypalBundle,2012-06-08 14:49:19 UTC,2013-01-09 14:10:03 UTC,1,PHP,0.67
Exercise/DoctrineMongoDBBundle,2011-10-24 20:42:57 UTC,2013-01-04 12:17:23 UTC,1,PHP,0.67
punkydog/goleveldb,2013-08-16 08:03:20 UTC,2013-08-16 08:03:21 UTC,0,Go,0.68
nathan-hoad/goson,2013-08-25 02:11:35 UTC,2013-08-25 09:41:26 UTC,0,Go,0.68
berlinmagic/dresscode-cms,2012-01-22 22:19:53 UTC,2015-02-04 00:49:49 UTC,1,Ruby,0.69
thenonameguy/go-json-rest,2013-11-06 12:08:27 UTC,2013-11-06 12:08:27 UTC,0,Go,0.69
uriel/resize,2012-09-03 07:25:20 UTC,2016-04-29 22:14:59 UTC,0,Go,0.7
serussell/options,2012-12-15 16:30:42 UTC,2016-04-29 22:18:27 UTC,0,Go,0.7
rwaldron/blitz-node,2011-07-22 13:35:09 UTC,2013-08-14 21:42:25 UTC,1,JavaScript,0.71
fillest/bold,2012-04-29 14:16:37 UTC,2017-02-20 17:29:54 UTC,0,Python,0.71
mattpwest/mystik,2014-06-20 18:44:20 UTC,2017-02-02 23:03:51 UTC,0,JavaScript,0.72
kordon/vnhr,2013-01-09 20:36:47 UTC,2013-11-18 00:44:49 UTC,0,JavaScript,0.72
cruzer45/ilearn-gms,2015-03-13 04:04:03 UTC,2015-03-13 06:12:52 UTC,0,Java,0.73
necrophcodr/hl2sb,2015-04-07 19:58:25 UTC,2015-04-07 20:33:32 UTC,0,Lua,0.73
Popog/fifo_queue,2013-03-05 20:07:51 UTC,2016-04-29 22:20:51 UTC,0,Go,0.74
tadzik/wipi,2013-06-18 22:50:28 UTC,2016-04-29 22:15:16 UTC,0,Go,0.74
coopinabox/react-backbone-mixin,2014-03-11 07:15:20 UTC,2014-03-11 19:18:44 UTC,0,JavaScript,0.75
mediocregopher/go-fuse,2013-10-22 18:24:15 UTC,2013-10-29 14:31:32 UTC,0,Go,0.75
darashi/goamz,2014-12-11 09:14:53 UTC,2014-12-11 09:14:54 UTC,0,Go,0.76
detroit/detroit-qed,2011-06-23 00:20:16 UTC,2013-03-19 13:26:53 UTC,1,Ruby,0.76
golib/gofer,2014-01-16 04:04:46 UTC,2014-01-16 04:04:47 UTC,0,Go,0.77
Kotti/kotti_theme_spruce,2012-11-30 16:14:12 UTC,2013-10-04 04:14:07 UTC,0,Python,0.77
bit3archive/contao-event-dispatcher,2013-11-01 02:22:11 UTC,2017-03-19 15:49:47 UTC,0,PHP,0.78
Kotti/kotti_theme_cerulean,2012-11-30 15:52:33 UTC,2013-10-11 21:23:51 UTC,0,Python,0.78
gamingrobot/go-steam,2014-08-12 19:38:18 UTC,2016-04-28 10:59:33 UTC,0,Go,0.79
joslinm/sleepy,2014-01-27 21:26:43 UTC,2016-05-27 13:31:12 UTC,0,Go,0.79
feimyy/falcon,2014-10-29 14:30:31 UTC,2014-10-29 14:35:14 UTC,0,Go,0.8
maurodec/MyGoVerbalExpressions,2013-08-09 02:38:36 UTC,2018-05-19 18:43:36 UTC,0,Go,0.8
songawee/timer_queue,2014-09-01 14:55:34 UTC,2017-01-31 00:04:13 UTC,3,JavaScript,0.81
Ouralabs/LibComponentLogging-Ouralabs,2015-03-13 13:03:41 UTC,2015-03-13 15:37:09 UTC,0,Objective-C,0.81
leonardaustin/go-httpclient,2013-10-04 22:43:45 UTC,2016-04-30 09:09:07 UTC,0,Go,0.82
DoersGuild/jQuery.serializeObject,2013-04-22 11:10:45 UTC,2016-12-01 22:37:35 UTC,0,JavaScript,0.82
dyaa/dyaa.github.io,2014-03-06 16:55:26 UTC,2014-03-11 01:31:01 UTC,0,,0.83
priyadarshy/sift-fullcalendar2,2015-01-13 20:01:06 UTC,2016-04-27 10:57:28 UTC,0,JavaScript,0.83
anidotnet/assert,2014-05-31 08:53:18 UTC,2014-05-31 08:53:19 UTC,0,Go,0.84
ProTip/raidman,2014-06-16 02:01:27 UTC,2014-06-16 02:01:28 UTC,0,Go,0.84
deralex/eklogger,2014-01-14 18:06:28 UTC,2016-12-28 19:14:54 UTC,0,PHP,0.85
choffmeister/jekyll_search,2015-02-18 21:07:08 UTC,2017-04-17 17:42:19 UTC,0,Ruby,0.85
theablefew/tinymce-rails-imageupload,2012-07-06 04:46:52 UTC,2017-03-19 22:48:57 UTC,1,Ruby,0.86
asm-products/spring-forest,2014-04-19 14:33:51 UTC,2017-03-20 18:46:25 UTC,0,,0.86
jrperritt/cloudpipe,2015-04-01 01:02:29 UTC,2015-04-20 02:18:37 UTC,1,Go,0.87
simplefocus/simplefocus.github.com,2012-09-06 20:49:45 UTC,2013-01-15 14:34:08 UTC,0,,0.87
trevorbernard/jzmq-api,2013-02-07 15:50:34 UTC,2016-04-17 19:53:29 UTC,0,Java,0.88
insionng/alipay,2013-12-12 18:29:15 UTC,2016-04-29 22:20:34 UTC,0,Go,0.88
Hounddog/hd-Instagram,2013-12-13 19:07:13 UTC,2014-06-19 11:54:35 UTC,0,PHP,0.89
miku/bleve,2014-11-19 17:39:17 UTC,2014-11-19 17:39:18 UTC,0,Go,0.89
der-On/git2mite,2015-01-27 22:06:33 UTC,2017-12-28 14:03:23 UTC,0,JavaScript,0.9
smerrill/packer,2013-06-30 00:40:07 UTC,2013-10-06 09:25:07 UTC,0,Go,0.9
genghisjahn/goauth,2014-06-10 00:38:50 UTC,2014-09-05 19:08:20 UTC,0,Go,0.91
robinjoseph08/actionmailer-instyle4,2014-07-18 18:41:22 UTC,2017-04-17 10:00:47 UTC,0,Ruby,0.91
konklone/sinatra-webfinger,2013-10-12 22:42:42 UTC,2017-04-17 16:17:41 UTC,1,Ruby,0.92
TYPO3-extensions/MbFrontendLogin,2014-03-26 10:13:31 UTC,2017-03-19 19:54:31 UTC,0,PHP,0.92
skytreader/pytheas,2014-03-21 10:30:38 UTC,2017-02-18 18:04:24 UTC,0,Python,0.93
vsayer/trudat,2014-04-20 23:54:16 UTC,2017-03-18 05:24:58 UTC,0,,0.93
tarrant/example-golibs,2014-08-22 22:22:46 UTC,2017-07-10 22:01:11 UTC,0,Go,0.94
pagarme/node-aes-gcm,2014-11-13 14:22:10 UTC,2014-12-29 03:07:17 UTC,1,C++,0.94
ironfoundry-attic/stager,2012-07-30 18:05:48 UTC,2014-04-17 17:41:59 UTC,1,Ruby,0.95
e247/gomniauth,2015-04-22 15:09:46 UTC,2015-04-22 15:09:46 UTC,0,Go,0.95
wlaurance/gurl,2012-07-11 17:24:08 UTC,2017-01-30 05:05:09 UTC,1,CoffeeScript,0.96
notejs/jsutil,2013-03-20 01:55:36 UTC,2018-05-14 22:00:55 UTC,0,JavaScript,0.96
tnantoka/arigato_rails,2013-03-28 13:41:55 UTC,2017-04-17 10:10:01 UTC,0,Ruby,0.97
asm-products/reddit-scraper,2015-01-16 11:43:55 UTC,2017-03-20 18:48:27 UTC,0,,0.97
cleentfaar/CLConanConsoleBundle,2014-07-18 19:06:59 UTC,2014-07-18 23:23:15 UTC,0,JavaScript,0.98
andrewhathaway/ArrayToPathNamedObject,2013-11-17 13:18:07 UTC,2014-07-18 08:45:12 UTC,0,PHP,0.98
vi-kon/laravel-bootstrap-helper,2014-08-26 20:18:56 UTC,2014-08-26 20:18:56 UTC,0,,0.99
leeor/binding,2014-08-21 09:43:59 UTC,2016-04-28 10:58:20 UTC,0,Go,0.99
2rk/notacms,2013-10-06 09:20:36 UTC,2014-02-24 01:46:02 UTC,0,Ruby,1.0
TonightWe/TW.UbiquitousId,2014-05-26 01:22:20 UTC,2014-11-15 07:47:32 UTC,0,C#,1.0
bounscale/bounscale_node,2013-08-15 06:57:02 UTC,2017-02-04 04:03:16 UTC,0,CoffeeScript,1.01
iaincollins/service-o-matic,2014-08-04 23:45:38 UTC,2017-01-22 22:11:19 UTC,3,JavaScript,1.01
EmmanuelOga/lfsr,2013-05-02 02:56:57 UTC,2017-04-17 13:53:37 UTC,0,C,1.02
debbbbie/rdic,2014-04-24 06:42:02 UTC,2017-04-17 15:28:58 UTC,0,Ruby,1.02
XideaPL/Product,2014-07-23 13:22:21 UTC,2015-05-04 17:34:23 UTC,0,PHP,1.03
feedcellar/feedcellar-curses,2015-04-04 10:22:24 UTC,2015-04-04 16:58:55 UTC,0,Ruby,1.03
jijidev/flyresizr,2014-03-05 09:18:34 UTC,2018-04-02 23:38:30 UTC,0,PHP,1.04
carlosmarte/--express-directory,2014-10-06 01:56:19 UTC,2018-03-16 15:38:52 UTC,0,JavaScript,1.04
Vandpibe/vandpibe.bjrnskov.dk,2012-06-28 10:41:24 UTC,2014-05-11 23:11:35 UTC,1,Python,1.05
Dte-ba/pad-kit,2015-10-01 10:37:27 UTC,2015-10-01 10:37:27 UTC,0,,1.05
wf4ever/WfAbsServices,2012-11-28 19:07:38 UTC,2013-10-21 04:12:39 UTC,0,Java,1.06
wlabranche/sasquatch,2014-08-06 06:32:17 UTC,2018-11-15 17:08:20 UTC,0,,1.06
krzysztof-jusiak/qfsm,2012-05-31 20:48:10 UTC,2014-08-02 11:55:12 UTC,1,C++,1.07
jysperm/JyNet2,2012-11-27 13:03:21 UTC,2017-05-24 06:01:23 UTC,1,ASP,1.07
lrsjng/fquery-includeit,2014-07-26 19:01:11 UTC,2017-09-01 07:37:12 UTC,1,JavaScript,1.08
upstage/angularjs-loading,2013-10-31 03:39:29 UTC,2013-11-04 15:00:01 UTC,2,JavaScript,1.08
deimosgame/deimos-server,2014-08-22 14:25:26 UTC,2015-07-25 12:05:01 UTC,0,Go,1.09
sooqini/Boomerang,2013-08-31 13:18:53 UTC,2016-12-28 20:17:22 UTC,0,PHP,1.09
andersjo/cpr_adressematch,2010-11-24 16:56:40 UTC,2017-04-17 11:53:45 UTC,1,Ruby,1.1
baslr/node-ppm-bin,2014-02-13 11:00:02 UTC,2017-04-21 23:55:24 UTC,1,CoffeeScript,1.1
shaunbruno/php-simple_file_reader,2013-02-26 23:00:27 UTC,2017-09-10 00:37:08 UTC,0,PHP,1.11
JamesDunne/bitsbot-slack,2015-03-13 14:38:51 UTC,2017-09-11 02:37:09 UTC,0,Go,1.11
onassar/fredtheduck.com,2015-05-03 18:43:47 UTC,2018-01-02 07:17:12 UTC,0,PHP,1.12
shiatsumat/defargs,2014-10-12 08:37:57 UTC,2018-02-04 11:52:11 UTC,0,Haskell,1.12
data0x200/pomodoro,2014-04-23 16:39:59 UTC,2018-05-19 08:53:29 UTC,0,Go,1.13
gushov/fakebook,2013-03-07 23:39:58 UTC,2018-05-13 04:50:38 UTC,0,JavaScript,1.13
plumberjs/plumber-uglifyjs,2014-01-12 19:09:06 UTC,2015-11-27 20:48:26 UTC,1,JavaScript,1.14
cburgmer/html2xhtml.js,2013-09-16 21:21:30 UTC,2016-12-28 17:56:22 UTC,1,JavaScript,1.14
tjyang/gobook,2015-11-12 11:01:19 UTC,2017-08-03 11:53:27 UTC,0,TeX,1.15
claudejanz/yii2-context-access-filter,2014-08-11 20:40:55 UTC,2017-03-20 03:41:56 UTC,2,PHP,1.15
tcw/golang-intro,2015-04-26 18:01:39 UTC,2017-09-02 22:37:12 UTC,0,Go,1.16
firefoxes/on-duty-board,2013-07-15 18:32:06 UTC,2013-12-19 16:33:08 UTC,0,Ruby,1.16
aanvari/auth-token,2014-03-14 13:58:05 UTC,2014-08-06 22:45:45 UTC,2,PHP,1.17
mswart/cany,2013-09-12 14:44:54 UTC,2017-01-23 20:35:32 UTC,3,Ruby,1.17
MitsuhideOhi/BlinkButton,2014-04-06 08:15:13 UTC,2018-05-26 22:42:35 UTC,0,Objective-C,1.18
yasinuslu/meteor-lodash,2015-02-17 15:00:50 UTC,2017-02-07 23:03:48 UTC,1,JavaScript,1.18
creativesoftworks/MonologSessionProcessorBundle,2014-06-26 15:54:46 UTC,2017-03-19 16:42:22 UTC,1,PHP,1.19
juice49/ExpandOBem,2014-04-08 21:21:57 UTC,2016-12-28 21:04:31 UTC,3,JavaScript,1.19
Gustavosdo/django-selectable-filter,2015-05-03 14:39:44 UTC,2017-09-03 01:38:00 UTC,0,Python,1.2
adrg/color,2014-10-28 15:29:22 UTC,2017-09-08 20:36:59 UTC,1,Go,1.2
jpitts/rapt-cipher,2014-05-10 00:02:06 UTC,2018-03-05 04:37:51 UTC,1,JavaScript,1.21
sirhc/perl-Carp-Syslog,2011-12-29 18:33:54 UTC,2018-04-12 01:38:25 UTC,1,Perl,1.21
kriyative/clj-clu,2012-11-21 23:44:23 UTC,2018-07-01 08:38:38 UTC,0,Clojure,1.22
ubuntu-phonedations/nuntium,2014-10-13 18:48:59 UTC,2017-03-23 14:31:31 UTC,0,Go,1.22
kpacha/php-benchmark-tool,2014-01-05 02:10:58 UTC,2017-01-24 06:08:56 UTC,1,PHP,1.23
marcusbaer/node-pi-mediaplayer,2013-05-14 08:15:35 UTC,2017-02-09 22:21:04 UTC,0,JavaScript,1.23
pimcore-extensions/tagfield,2013-06-11 13:44:24 UTC,2015-02-26 14:09:11 UTC,1,PHP,1.24
mitoma/tplot,2012-10-21 02:34:10 UTC,2017-04-17 16:59:16 UTC,2,Ruby,1.24
Bytewerk/ffin-packages,2015-03-02 00:40:58 UTC,2018-01-27 06:02:04 UTC,0,,1.25
vitillo/montecarlino,2015-02-27 16:59:43 UTC,2017-09-02 09:37:04 UTC,2,Python,1.25
teltechsystems/teaspoon,2014-06-10 03:34:36 UTC,2015-03-13 02:45:46 UTC,1,Go,1.26
okulbilisim/CS101,2014-08-29 16:35:39 UTC,2018-01-27 07:03:49 UTC,0,,1.26
mcuadros/cli-array-editor,2013-04-05 11:10:46 UTC,2018-06-14 20:37:51 UTC,1,PHP,1.27
carlosazaustre/generator-mean-redis,2014-01-19 16:18:18 UTC,2018-05-14 01:52:50 UTC,2,JavaScript,1.27
sorribas/onstoptyping,2014-11-25 21:40:32 UTC,2015-11-25 09:43:30 UTC,5,JavaScript,1.28
yhat/ignore,2015-04-16 20:02:00 UTC,2015-07-06 20:25:30 UTC,1,Go,1.28
nergdron/ntree,2015-03-25 16:52:38 UTC,2017-09-11 01:37:44 UTC,1,Go,1.29
it-blaster/publications-bundle,2015-04-29 10:47:05 UTC,2015-04-29 11:32:06 UTC,0,PHP,1.29
singpolyma/wai-digestive-functors,2013-09-28 17:28:53 UTC,2018-02-04 11:42:33 UTC,1,Haskell,1.3
polvi/etcd,2015-08-12 18:37:30 UTC,2017-08-03 11:53:55 UTC,0,Go,1.3
SeeClickFix/laravel-seeclickfix-api,2013-10-04 19:10:35 UTC,2017-10-09 06:32:34 UTC,0,PHP,1.31
mrallen1/Net-EC2-Tiny,2013-02-12 23:19:00 UTC,2017-02-22 17:11:33 UTC,1,Perl,1.31
burzum/cakephp-database-log,2015-05-27 21:07:46 UTC,2017-01-23 20:51:21 UTC,2,PHP,1.32
tomas/whenever,2014-08-03 22:33:11 UTC,2017-01-30 12:06:21 UTC,2,JavaScript,1.32
rogeriochaves/react_editable_content,2014-09-08 15:50:10 UTC,2017-08-01 08:46:58 UTC,2,JavaScript,1.33
bamboo/masakari,2014-05-22 16:59:02 UTC,2017-09-01 09:37:18 UTC,2,JavaScript,1.33
bengler/backbone_pebbles,2012-02-14 15:29:08 UTC,2017-03-20 00:36:11 UTC,2,CoffeeScript,1.34
ging/fi-tube,2013-03-08 14:02:07 UTC,2017-03-20 03:50:36 UTC,0,JavaScript,1.34
jonpither/cider-spy-nrepl,2014-03-12 09:19:07 UTC,2017-01-23 20:46:02 UTC,2,Clojure,1.35
ppvg/node-ircc,2013-07-13 08:33:05 UTC,2018-05-03 01:03:15 UTC,1,LiveScript,1.35
leandronsp/fompila,2013-03-01 22:35:07 UTC,2017-04-17 12:47:01 UTC,2,Ruby,1.36
lassebunk/item,2014-07-13 14:09:30 UTC,2017-04-17 09:20:52 UTC,10,Ruby,1.36
billysbilling/ember-layer-mixin,2013-10-23 23:16:14 UTC,2015-11-05 21:24:23 UTC,2,JavaScript,1.37
substance/screwdriver,2013-08-06 16:56:31 UTC,2015-11-09 01:58:29 UTC,5,Python,1.37
mmckegg/soundbank-chunk,2014-08-03 14:57:42 UTC,2017-05-26 10:01:37 UTC,1,JavaScript,1.38
denniskaselow/CanvasQuery,2013-01-08 20:07:11 UTC,2016-04-18 09:56:44 UTC,7,Dart,1.38
substantial/mapify-example,2015-04-07 20:47:07 UTC,2017-03-19 23:36:44 UTC,1,C#,1.39
bdunogier/GNUTerryPratchettBundle,2015-03-26 20:58:37 UTC,2017-09-10 17:37:13 UTC,2,PHP,1.39
cegeka/mcollective-client-plugins,2012-06-19 11:50:56 UTC,2017-03-19 16:41:42 UTC,1,Ruby,1.4
TippingCanoe/Catapult,2014-02-11 02:19:47 UTC,2017-10-09 19:56:02 UTC,0,Objective-C,1.4
UndefinedOffset/silverstripe-advancedwidgeteditor,2014-03-06 17:59:13 UTC,2017-08-17 20:20:38 UTC,9,PHP,1.41
khzaw/xcalibur,2014-08-22 01:05:01 UTC,2017-06-04 16:01:04 UTC,1,C++,1.41
sstate/generator-shuttlecraft,2015-02-16 21:11:20 UTC,2017-10-11 14:32:59 UTC,3,JavaScript,1.42
fabiokung/ruby_parser,2009-02-04 08:45:16 UTC,2017-04-17 09:08:46 UTC,8,Ruby,1.42
ryanlowe/audit_mass_assignment,2008-05-01 04:07:10 UTC,2017-09-02 08:37:02 UTC,8,Ruby,1.43
hammerdr/hamljs-coffee,2011-03-31 06:53:42 UTC,2017-01-20 15:11:52 UTC,9,JavaScript,1.43
arei/functionary,2012-08-01 17:29:53 UTC,2018-06-17 10:36:58 UTC,3,JavaScript,1.44
grimwm/py-jstree,2013-01-06 02:25:19 UTC,2017-02-22 06:43:51 UTC,6,Python,1.44
jcoene/fnord,2012-02-21 07:39:47 UTC,2017-04-17 12:47:41 UTC,7,Ruby,1.45
thekompanee/greenwich,2011-07-03 21:40:47 UTC,2017-10-08 11:31:45 UTC,0,Ruby,1.45
mediasuitenz/bootstrap,2014-03-27 15:19:21 UTC,2017-07-05 18:00:49 UTC,0,,1.46
hueitan/HoCompass,2014-05-10 06:53:02 UTC,2016-01-25 09:15:01 UTC,3,JavaScript,1.46
wp-pay-gateways/qantani,2014-06-24 13:25:47 UTC,2017-10-10 13:13:51 UTC,1,PHP,1.47
LucidTechnics/Airlift-for-Node,2012-08-23 12:02:40 UTC,2018-04-05 14:36:51 UTC,3,JavaScript,1.47
google/zarathustra,2014-09-25 16:47:01 UTC,2017-05-08 03:17:49 UTC,11,Java,1.48
psi-4ward/contao-livereload,2014-08-04 16:36:44 UTC,2016-12-28 20:02:40 UTC,4,PHP,1.48
2potatocakes/google_storage,2011-06-23 23:45:14 UTC,2017-01-21 22:03:04 UTC,7,Ruby,1.49
brikou/zend_code,2012-04-11 13:23:49 UTC,2018-04-29 00:49:00 UTC,1,PHP,1.49
carrot/cream,2014-05-30 14:01:09 UTC,2015-10-09 00:55:47 UTC,6,Java,1.5
xintesa/Audit,2013-09-12 06:41:19 UTC,2016-05-18 13:19:59 UTC,4,PHP,1.5
JorgeGarciaIrazabal/WSHubsAPI,2015-05-23 14:30:54 UTC,2017-03-26 04:02:01 UTC,8,Python,1.51
miguelmota/prize-wheel,2013-11-21 23:24:24 UTC,2017-06-12 01:07:04 UTC,6,JavaScript,1.51
poptip/twice,2012-06-19 04:28:54 UTC,2018-03-05 00:37:15 UTC,2,JavaScript,1.52
weluse/li3_ids,2011-02-24 22:20:14 UTC,2017-04-12 16:28:52 UTC,4,PHP,1.52
adelevie/restivus,2012-02-25 21:53:29 UTC,2017-04-17 15:58:45 UTC,21,Ruby,1.53
iterar/ITActionManager,2013-12-07 22:49:02 UTC,2017-06-05 18:34:45 UTC,5,Objective-C,1.53
hughsk/letter-bitmap,2014-09-18 17:58:38 UTC,2017-07-31 11:43:58 UTC,7,JavaScript,1.54
bevry/jquery-slidescrollpanel,2013-05-29 10:46:40 UTC,2017-03-19 18:50:08 UTC,16,CoffeeScript,1.54
wdreeveii/gopoller,2014-03-14 16:57:02 UTC,2018-04-03 19:06:27 UTC,5,Go,1.55
Lendable/VisitorTrackingBundle,2015-02-26 12:48:24 UTC,2018-09-09 03:58:53 UTC,3,PHP,1.55
indutny/endian-reader,2014-02-23 15:18:52 UTC,2017-09-08 07:37:14 UTC,11,JavaScript,1.56
ColdTrick/image_captcha,2012-01-25 19:15:17 UTC,2018-09-06 16:49:22 UTC,3,PHP,1.56
cryptocoinjs/binstring,2014-01-02 15:51:57 UTC,2017-03-19 08:39:53 UTC,10,JavaScript,1.57
nickcharlton/omniauth-pam,2012-01-15 00:05:34 UTC,2018-07-15 18:14:14 UTC,4,Ruby,1.57
nixers-projects/catbot,2014-02-11 21:37:32 UTC,2018-04-11 08:37:44 UTC,1,Python,1.58
haaakon/UIWebView-Blocks,2013-10-24 17:50:46 UTC,2017-04-24 02:51:02 UTC,15,Objective-C,1.58
walle/postnummer,2012-05-15 21:42:07 UTC,2017-04-17 15:11:41 UTC,8,Ruby,1.59
mtnsat/astapor,2014-06-03 22:47:09 UTC,2017-10-14 16:35:17 UTC,0,Ruby,1.59
borisschapira/preloadr,2013-12-20 14:08:25 UTC,2018-04-09 09:24:29 UTC,11,JavaScript,1.6
samvaughton/laravel4-datatables,2013-12-18 00:44:38 UTC,2017-01-28 05:02:46 UTC,9,PHP,1.6
aramk/meteor-requirejs,2014-06-26 11:54:21 UTC,2016-05-27 18:10:42 UTC,3,JavaScript,1.61
elasticpath/json-unmarshaller,2015-02-04 01:20:25 UTC,2017-09-06 10:11:16 UTC,8,Java,1.61
hiqdev/yii2-theme-adminlte,2015-05-27 15:16:13 UTC,2017-11-07 13:49:27 UTC,3,PHP,1.62
VinceG/realtor.com,2014-09-18 05:24:42 UTC,2016-12-28 20:25:16 UTC,5,PHP,1.62
djberg96/memoize,2010-01-16 15:35:30 UTC,2017-04-17 14:05:43 UTC,20,Ruby,1.63
chrisdone/pdfinfo,2011-02-23 21:11:56 UTC,2018-02-04 11:54:11 UTC,3,Haskell,1.63
Appverse/appverse-web-tools,2013-11-26 10:23:17 UTC,2015-04-13 08:54:21 UTC,1,Java,1.64
engineyard/faye,2011-10-14 16:57:29 UTC,2017-03-20 00:35:39 UTC,1,JavaScript,1.64
OpenConext-Attic/OpenConext-static,2012-04-02 14:43:34 UTC,2017-04-20 15:13:11 UTC,2,CSS,1.65
hite/generator-wpd,2014-07-07 07:01:26 UTC,2017-02-16 10:01:32 UTC,15,CSS,1.65
MeteorPackaging/Chart.js,2015-01-26 12:34:57 UTC,2017-03-27 04:53:32 UTC,11,JavaScript,1.66
notogawa/graceful,2013-07-14 13:57:31 UTC,2018-02-04 11:47:35 UTC,9,Haskell,1.66
myint/yolk,2012-06-16 17:42:18 UTC,2017-03-16 07:55:37 UTC,38,Python,1.67
sensorberg-dev/resolver,2015-04-14 13:23:39 UTC,2017-10-10 16:14:54 UTC,2,Groovy,1.67
tarcieri/turbine,2015-04-18 02:15:12 UTC,2016-09-25 05:26:30 UTC,26,Ruby,1.68
wires/gulp-static-site,2014-03-30 15:23:41 UTC,2016-12-30 09:06:34 UTC,27,JavaScript,1.68
gogap/dll_caller,2014-12-10 02:28:27 UTC,2017-02-26 19:17:45 UTC,9,Go,1.69
mozillabrasil/wam-talkiness,2015-02-11 11:32:28 UTC,2015-04-01 18:56:15 UTC,3,JavaScript,1.69
yitang/voca-builder,2015-03-28 14:42:02 UTC,2016-11-01 16:45:20 UTC,11,Emacs Lisp,1.7
nuxeo/marketplace-drive,2013-03-13 16:05:16 UTC,2018-06-27 15:48:29 UTC,1,,1.7
amilna/blog,2015-02-05 03:05:52 UTC,2017-06-14 08:20:16 UTC,12,PHP,1.71
rusanu/com.rusanu.dbutil,2012-11-08 08:14:01 UTC,2018-05-02 12:07:02 UTC,10,C#,1.71
Sauceforge/angularjs-typeahead-dropdown,2015-03-06 11:58:47 UTC,2017-02-18 15:16:45 UTC,4,JavaScript,1.72
ucsf-ckm/ucsf-history-website,2013-10-09 05:09:39 UTC,2016-11-30 14:09:48 UTC,0,HTML,1.72
CyanogenMod/android_device_geeksphone_zero,2011-03-19 08:22:26 UTC,2017-11-24 21:29:51 UTC,13,C++,1.73
appserver-io/collections,2014-11-21 13:01:32 UTC,2017-10-24 13:44:02 UTC,4,PHP,1.73
jonom/silverstripe-tinytidy,2014-11-03 00:48:00 UTC,2016-07-06 10:10:27 UTC,30,PHP,1.74
dizews/php-ubjson,2013-06-07 09:36:02 UTC,2017-10-26 23:06:59 UTC,6,PHP,1.74
linnarsson-lab/ceftools,2015-02-19 13:15:39 UTC,2017-10-15 14:34:10 UTC,9,Go,1.75
abustany/go,2013-04-01 20:57:25 UTC,2018-06-25 16:53:14 UTC,0,Go,1.75
hakobera/tail.io,2012-01-19 21:01:58 UTC,2017-01-20 10:36:48 UTC,24,JavaScript,1.76
JRG-Developer/BetterBaseClasses,2015-02-26 09:01:10 UTC,2018-01-26 14:23:55 UTC,14,Objective-C,1.76
scopely-devops/details,2014-10-13 17:12:55 UTC,2017-08-07 21:56:58 UTC,30,Python,1.77
witsch/SublimePythonTidy,2011-09-25 14:20:24 UTC,2016-12-30 09:24:04 UTC,42,Python,1.77
liufengyun/monad,2013-04-15 14:18:55 UTC,2017-04-17 14:15:57 UTC,3,Ruby,1.78
Juicy/juicy-markdown-tabbededitor,2014-06-05 15:52:11 UTC,2017-10-08 00:35:20 UTC,5,HTML,1.78
nchristus/ember-cli-password-toggle,2015-01-12 14:20:01 UTC,2018-04-30 12:02:10 UTC,11,JavaScript,1.79
jollygoodcode/rails-carrier,2014-05-01 09:58:59 UTC,2017-11-24 19:15:04 UTC,16,Shell,1.79
ekino/golisten,2014-12-12 12:44:56 UTC,2016-07-09 21:00:15 UTC,8,Go,1.8
fictorial/linode-api,2011-06-14 17:49:07 UTC,2018-10-03 18:53:43 UTC,69,CoffeeScript,1.8
BorisChumichev/everpolate,2014-10-12 14:20:19 UTC,2017-01-08 08:04:33 UTC,38,JavaScript,1.81
pear/SOAP,2012-04-13 05:22:23 UTC,2018-09-07 06:03:12 UTC,4,PHP,1.81
KolibriDev/clippy,2014-07-04 15:23:59 UTC,2018-03-17 20:40:36 UTC,10,C#,1.82
Wizcorp/marathon-client.py,2014-04-09 02:23:45 UTC,2017-11-25 07:09:25 UTC,8,Python,1.82
rollerworks/search,2013-08-05 09:03:44 UTC,2018-12-13 18:49:54 UTC,70,PHP,1.83
collective/anz.casclient,2012-11-20 10:04:46 UTC,2018-06-27 01:17:48 UTC,2,Python,1.83
hitbtc-com/hitbtc-php-sdk,2014-10-20 12:33:18 UTC,2018-02-18 02:27:40 UTC,18,PHP,1.84
remind101/exceptions,2014-09-06 01:47:51 UTC,2018-03-03 07:39:46 UTC,16,Ruby,1.84
puppetlabs/puppetlabs-azure_agent,2013-04-30 15:02:23 UTC,2016-05-29 22:32:38 UTC,3,Ruby,1.85
trxcllnt/rxjs-easing,2013-07-27 23:32:31 UTC,2016-12-30 09:07:52 UTC,39,JavaScript,1.85
sensu-plugins/sensu-plugins-mesos,2015-02-11 05:25:15 UTC,2018-09-11 01:34:59 UTC,3,Ruby,1.86
tanel/dbmigrate,2013-08-29 20:22:36 UTC,2017-02-19 17:03:04 UTC,39,Go,1.86
dominictarr/remote-events,2012-06-23 15:22:43 UTC,2017-01-20 10:36:10 UTC,27,JavaScript,1.87
feyeleanor/gospeed,2011-05-23 21:16:11 UTC,2017-03-01 12:11:23 UTC,66,Go,1.87
routific/routific-gem,2014-07-23 07:47:30 UTC,2018-02-21 00:03:24 UTC,12,Ruby,1.88
DoNormal/jquery-feyenoord,2015-02-18 06:11:16 UTC,2017-04-23 06:51:16 UTC,35,JavaScript,1.88
pear/Image_Barcode2,2011-12-10 12:07:06 UTC,2017-03-20 16:11:03 UTC,14,PHP,1.89
jcinnamond/lawyer,2014-01-18 17:49:50 UTC,2017-04-17 13:52:27 UTC,26,Ruby,1.89
e-butik/EbutikMongoSessionBundle,2011-09-13 08:03:13 UTC,2016-05-14 12:28:30 UTC,17,PHP,1.9
phf/go-openal,2009-12-13 19:38:29 UTC,2017-02-27 16:07:04 UTC,31,Go,1.9
finnlabs/openproject-reporting,2013-05-13 09:27:44 UTC,2018-05-07 09:29:38 UTC,2,Ruby,1.91
Jasig/ContactsPortlet,2012-05-09 14:15:13 UTC,2018-03-13 07:57:42 UTC,5,Java,1.91
alanshaw/meteor-foam,2013-04-01 21:51:25 UTC,2017-09-02 14:36:47 UTC,25,JavaScript,1.92
andrewgross/pyrelic,2012-04-03 01:30:31 UTC,2017-01-20 10:49:26 UTC,22,Python,1.92
ataylor284/jenkins-watch,2010-05-26 21:48:16 UTC,2016-12-28 17:06:34 UTC,28,Emacs Lisp,1.93
speckcommerce/SpeckCart,2012-02-29 20:07:06 UTC,2016-10-14 14:26:39 UTC,18,PHP,1.93
concur/concur-platform-sdk-js,2014-09-26 00:00:48 UTC,2017-10-10 16:44:32 UTC,13,JavaScript,1.94
medic/medic-webapp,2011-11-02 23:19:55 UTC,2018-11-21 00:54:13 UTC,106,JavaScript,1.94
NeowayLabs/clinit-cfn-tool,2015-01-05 13:49:31 UTC,2017-01-06 22:22:00 UTC,8,Go,1.95
collective/collective.portlet.itemview,2011-02-08 22:01:23 UTC,2018-06-26 18:15:26 UTC,2,Python,1.95
Shopify/google_auth,2012-02-10 22:35:39 UTC,2017-03-19 21:47:47 UTC,3,Ruby,1.96
lanl/go-papi,2011-08-02 01:04:13 UTC,2018-02-05 16:47:13 UTC,16,Go,1.96
Paradoxika/Skeptik,2012-06-02 18:39:03 UTC,2017-07-22 22:12:14 UTC,25,SMT,1.97
fcfe/mockservice,2014-01-22 10:56:08 UTC,2017-06-30 09:50:33 UTC,7,JavaScript,1.97
percolatestudio/meteor-segment.io,2014-04-23 16:56:24 UTC,2017-10-15 06:32:10 UTC,28,JavaScript,1.98
gnumarcelo/campaigning,2009-03-26 10:14:35 UTC,2017-04-17 11:08:39 UTC,47,Ruby,1.98
dsimard/grunt-angular-phonegap,2013-11-29 19:16:11 UTC,2017-02-07 11:04:07 UTC,169,CoffeeScript,1.99
zendesk/classic_asp_jwt,2013-05-06 16:22:02 UTC,2017-11-25 07:12:04 UTC,8,ASP,1.99
jackpal/gateway,2015-04-18 16:38:39 UTC,2018-03-29 07:39:25 UTC,40,Go,2.0
umbrellaTech/ya-retorno-boleto,2014-06-24 12:15:27 UTC,2016-12-23 20:15:08 UTC,23,PHP,2.0
nodejitsu/prenup,2010-08-28 01:19:44 UTC,2017-11-24 18:58:41 UTC,86,JavaScript,2.01
pragdave/codex,2008-05-18 03:40:35 UTC,2017-04-17 08:59:23 UTC,65,Ruby,2.01
thelia/thelia-project,2014-12-24 15:14:55 UTC,2018-09-09 06:03:54 UTC,41,PHP,2.02
Helabs/acts_as_hashed,2012-07-14 02:10:41 UTC,2017-11-25 07:47:15 UTC,8,Ruby,2.02
rossmeissl/indefinite_article,2010-03-05 18:41:13 UTC,2017-04-17 13:26:01 UTC,46,Ruby,2.03
ScrumBoard-it/ScrumBoard-it,2014-01-27 09:55:54 UTC,2018-05-16 23:00:27 UTC,12,JavaScript,2.03
rayokota/generator-angular-slim,2014-03-05 03:51:37 UTC,2017-02-05 01:03:49 UTC,67,JavaScript,2.04
googlearchive/browserify-chrome,2012-10-30 22:50:57 UTC,2017-09-19 03:04:44 UTC,26,JavaScript,2.04
vlado/open_exchange_rates,2012-05-31 14:19:44 UTC,2017-11-29 10:02:59 UTC,34,Ruby,2.05
patrickfuller/imolecule,2013-03-19 17:10:50 UTC,2016-12-30 09:15:12 UTC,44,JavaScript,2.05
HenrikJoreteg/clientconfig,2013-06-04 21:24:12 UTC,2016-12-28 17:44:57 UTC,43,JavaScript,2.06
robotmedia/RMShapedImageView,2013-02-21 14:57:58 UTC,2017-05-03 19:47:59 UTC,90,Objective-C,2.06
puppetlabs/puppetlabs-vswitch,2013-08-08 23:58:09 UTC,2017-11-25 07:31:07 UTC,7,Ruby,2.07
convox-archive/kernel,2015-01-19 15:55:59 UTC,2017-05-09 22:16:53 UTC,123,,2.07
forcedotcom/Salesforce1-Dev-Guide-Setup-Package,2013-10-18 22:29:54 UTC,2018-12-21 15:30:32 UTC,39,,2.08
m9aertner/PBKDF2,2014-02-04 22:36:44 UTC,2018-04-24 03:12:48 UTC,43,Java,2.08
andrebian/tdd-no-mundo-real-php,2014-10-28 02:23:58 UTC,2018-03-23 23:08:47 UTC,36,PHP,2.09
acdvorak/jquery.caret,2013-06-18 16:16:10 UTC,2017-12-16 21:21:24 UTC,115,JavaScript,2.09
tcnksm-sample/sarama,2015-05-08 08:50:49 UTC,2018-03-23 18:44:57 UTC,65,Go,2.1
vitobotta/share_counts,2011-01-29 23:46:55 UTC,2017-03-21 11:03:32 UTC,78,Ruby,2.1
hpcloud/HPCloud-PHP,2012-03-19 20:07:12 UTC,2017-03-20 10:51:01 UTC,22,PHP,2.11
atom/serializable,2013-12-29 18:40:59 UTC,2018-12-17 16:04:26 UTC,12,CoffeeScript,2.11
gpu/JOCL,2010-12-20 18:40:29 UTC,2018-05-02 16:34:06 UTC,68,Java,2.12
jenssegers/model,2013-03-30 09:55:54 UTC,2018-08-13 12:33:49 UTC,139,PHP,2.12
inuitcss/objects.layout,2013-12-29 15:49:27 UTC,2017-06-02 11:35:46 UTC,29,CSS,2.13
kelp404/NyaruDB,2012-10-27 15:38:19 UTC,2016-11-16 21:45:36 UTC,144,Objective-C,2.13
juancarlospaco/css-html-js-minify,2015-02-20 12:42:55 UTC,2018-04-14 15:22:46 UTC,117,Python,2.14
Rarst/fragment-cache,2014-03-22 20:53:13 UTC,2018-03-21 21:10:33 UTC,102,PHP,2.14
niklasvh/base64-arraybuffer,2012-12-21 21:34:37 UTC,2018-04-18 05:06:30 UTC,90,JavaScript,2.15
shower/ribbon,2012-11-28 15:28:14 UTC,2018-12-21 01:34:16 UTC,31,HTML,2.15
damicon/zfswatcher,2013-01-24 18:22:02 UTC,2017-03-23 09:52:51 UTC,138,Go,2.16
jamesp/node-nmea,2011-12-04 03:58:19 UTC,2018-02-13 14:24:26 UTC,37,JavaScript,2.16
Jimmy-Shi/bean-query,2014-10-25 15:20:12 UTC,2018-01-18 02:25:03 UTC,44,Java,2.17
Kunstmaan/KunstmaanAnsibleSandbox,2014-01-31 13:26:43 UTC,2016-10-19 09:56:58 UTC,10,ApacheConf,2.17
apache/cloudstack-docs-admin,2014-02-06 08:00:08 UTC,2018-02-27 11:25:09 UTC,14,HTML,2.18
mattdesl/eases,2014-09-12 15:02:15 UTC,2018-03-26 13:03:30 UTC,231,JavaScript,2.18
trhura/clojure-humanize,2014-01-22 09:59:03 UTC,2017-03-04 08:03:19 UTC,74,Clojure,2.19
felixhao28/JSCPP,2014-12-09 06:07:55 UTC,2018-03-12 11:56:27 UTC,125,CoffeeScript,2.19
thibaultcha/TCBlobDownloadSwift,2015-01-21 06:45:19 UTC,2018-04-13 04:42:54 UTC,138,Swift,2.2
helios-ag/FMBbCodeBundle,2011-11-05 05:20:42 UTC,2018-09-06 21:53:29 UTC,52,PHP,2.2
alaudet/hcsr04sensor,2014-10-18 20:18:28 UTC,2018-10-24 03:57:39 UTC,42,Python,2.21
inconshreveable/go-vhost,2013-11-06 10:01:40 UTC,2018-03-01 08:56:59 UTC,142,Go,2.21
heroku/heroku-nav,2010-02-25 06:09:32 UTC,2018-06-27 07:52:27 UTC,18,Ruby,2.22
ccampbell/gator,2012-11-28 16:49:21 UTC,2017-12-15 18:47:24 UTC,479,JavaScript,2.22
AndersDJohnson/magnificent.js,2013-07-07 08:56:03 UTC,2018-12-06 15:25:46 UTC,121,JavaScript,2.23
hjson/hjson-js,2014-03-19 21:24:05 UTC,2018-11-15 18:06:53 UTC,242,JavaScript,2.23
Ajnasz/GoogleClientLogin,2010-10-03 16:52:51 UTC,2018-04-08 13:17:23 UTC,88,JavaScript,2.24
RIPE-NCC/rpki-validator,2012-11-22 11:04:33 UTC,2018-07-21 08:55:59 UTC,42,Scala,2.24
ops4j/org.ops4j.pax.tinybundles,2011-02-03 13:50:20 UTC,2018-01-20 08:49:31 UTC,11,Java,2.25
drewolson/testflight,2012-12-07 20:47:15 UTC,2018-02-22 14:35:22 UTC,140,Go,2.25
requirejs/i18n,2012-05-27 00:45:29 UTC,2017-09-23 16:05:35 UTC,91,JavaScript,2.26
sphido/cms,2015-01-14 13:29:24 UTC,2018-04-04 18:27:31 UTC,190,PHP,2.26
ornicar/php-user-agent,2010-04-12 14:33:26 UTC,2016-12-28 19:57:32 UTC,139,PHP,2.27
aerogear/aerogear-android-cookbook,2013-08-07 15:53:38 UTC,2018-11-11 05:57:04 UTC,31,Java,2.27
vert-x/mod-rxvertx,2013-05-14 07:07:04 UTC,2017-10-11 06:45:06 UTC,108,Java,2.28
Magnetic/cycy,2015-03-25 15:13:38 UTC,2017-10-15 16:36:07 UTC,22,Python,2.28
rackerlabs/deproxy,2013-06-07 22:11:20 UTC,2017-11-24 19:13:44 UTC,42,Groovy,2.29
yui/yuglify,2012-10-09 20:55:18 UTC,2017-12-21 20:24:18 UTC,151,JavaScript,2.29
ishkawa/ISColumnsController,2012-06-17 14:57:08 UTC,2016-12-29 11:20:54 UTC,116,Objective-C,2.3
efacilitation/commonjs-require,2014-04-13 08:00:23 UTC,2018-12-21 19:30:09 UTC,33,JavaScript,2.3
jsomers/git-game,2015-02-08 21:03:18 UTC,2018-02-27 17:24:31 UTC,442,Ruby,2.31
Sybio/GifCreator,2012-09-25 09:29:58 UTC,2018-03-01 04:05:45 UTC,249,PHP,2.31
attm2x/m2x-javascript,2013-11-20 18:04:33 UTC,2017-02-23 08:37:32 UTC,15,JavaScript,2.32
chipmunk-rb/chipmunk,2009-09-29 11:46:48 UTC,2017-11-01 15:29:06 UTC,82,C,2.32
GoogleWebComponents/firebase-element,2015-04-21 18:10:05 UTC,2018-03-16 01:56:40 UTC,80,HTML,2.33
jenkins-infra/update-center2,2010-12-28 21:28:58 UTC,2018-05-02 21:32:03 UTC,43,Java,2.33
naoufal/react-native-accordion,2015-05-20 17:53:22 UTC,2018-12-13 18:28:08 UTC,399,JavaScript,2.34
sitewards/B2BProfessional,2013-01-16 13:03:01 UTC,2017-07-24 15:15:56 UTC,71,PHP,2.34
nobitagit/react-material-floating-button,2015-03-10 18:44:32 UTC,2018-04-09 01:51:35 UTC,149,CSS,2.35
gvas/knockout-jqueryui,2013-01-16 06:47:58 UTC,2016-12-28 18:17:40 UTC,102,JavaScript,2.35
codeforamerica/councilmatic,2011-03-24 05:18:10 UTC,2017-04-07 18:38:05 UTC,58,Python,2.36
mapbox/MapboxGeocoder.swift,2014-08-18 00:45:13 UTC,2018-12-19 00:09:12 UTC,68,Swift,2.36
JuliaStats/Klara.jl,2013-07-09 14:00:46 UTC,2018-04-30 22:29:22 UTC,141,Julia,2.37
martinblech/mimerender,2012-04-11 16:53:16 UTC,2016-12-29 11:09:05 UTC,166,Python,2.37
openSUSE/old-landing-page,2011-11-15 13:16:44 UTC,2017-11-24 21:30:43 UTC,15,JavaScript,2.38
tappleby/laravel-auth-token,2013-05-11 18:21:42 UTC,2016-12-25 13:23:19 UTC,266,PHP,2.38
osiell/odoorpc,2014-10-16 20:21:47 UTC,2018-08-30 14:18:02 UTC,81,Python,2.39
hughsk/boids,2013-04-27 01:43:20 UTC,2018-03-14 05:39:50 UTC,139,JavaScript,2.39
domchristie/humps,2012-09-02 18:50:39 UTC,2018-04-02 03:40:33 UTC,719,JavaScript,2.4
balderdashy/sails-redis,2013-03-02 23:42:54 UTC,2018-12-21 16:30:29 UTC,125,JavaScript,2.4
clojure/data.finger-tree,2010-10-12 13:28:17 UTC,2017-10-11 06:47:22 UTC,166,Clojure,2.41
jbt/docker,2012-05-03 19:06:57 UTC,2018-01-25 07:38:49 UTC,246,JavaScript,2.41
Khan/khan-linter,2012-06-11 18:29:03 UTC,2018-05-04 12:41:58 UTC,30,Python,2.42
zeromq/libcurve,2013-06-18 05:46:59 UTC,2017-11-24 18:51:15 UTC,121,C,2.42
gibber-cc/gibberish,2012-06-17 02:37:10 UTC,2018-04-19 16:52:10 UTC,260,JavaScript,2.43
lithiumtech/li-visualizations,2014-03-12 21:10:54 UTC,2018-10-22 14:58:56 UTC,86,JavaScript,2.43
codrops/Windy,2012-10-09 10:00:13 UTC,2018-08-28 21:51:07 UTC,203,JavaScript,2.44
DaoCloud/golang-mongo-sample,2015-03-29 13:36:06 UTC,2017-08-17 02:51:17 UTC,19,Go,2.44
o5/grido,2012-12-19 21:54:40 UTC,2018-10-24 21:19:40 UTC,92,PHP,2.45
mcuadros/go-syslog,2013-12-25 01:32:21 UTC,2018-01-23 17:32:23 UTC,175,Go,2.45
torifat/cake-menu_builder,2011-05-03 15:54:53 UTC,2018-09-11 09:41:43 UTC,80,PHP,2.46
filippocamillo/FCVerticalMenu,2014-10-24 18:48:13 UTC,2017-02-05 17:03:46 UTC,231,Objective-C,2.46
mdeering/attribute_normalizer,2009-06-27 04:39:28 UTC,2017-04-17 10:18:36 UTC,454,Ruby,2.47
rotundasoftware/backbone.collectionView,2012-10-10 00:41:55 UTC,2018-04-19 11:05:46 UTC,178,JavaScript,2.47
sbraz/pymediainfo,2010-03-23 18:15:52 UTC,2018-05-14 17:42:59 UTC,93,Python,2.48
AOEpeople/MageTestStand,2014-08-23 19:04:16 UTC,2018-02-10 14:11:48 UTC,55,Shell,2.48
puppetlabs/puppetlabs-reboot,2013-03-19 05:35:15 UTC,2018-12-20 15:51:03 UTC,20,Ruby,2.49
infinispan/infinispan-quickstart,2011-02-03 16:54:20 UTC,2017-03-20 05:50:15 UTC,56,Java,2.49
conekta/conekta-php,2013-12-17 17:17:30 UTC,2018-07-17 20:58:07 UTC,47,PHP,2.5
NathanEpstein/D3xter,2014-10-27 14:04:33 UTC,2016-12-28 17:47:13 UTC,348,JavaScript,2.5
libvips/ruby-vips,2011-10-11 16:45:42 UTC,2018-10-03 01:42:09 UTC,445,Ruby,2.51
cgbystrom/netty-tools,2010-05-09 13:21:37 UTC,2017-01-10 10:19:38 UTC,257,Java,2.51
JacobEvelyn/friends,2014-11-07 19:12:41 UTC,2018-11-26 06:04:50 UTC,652,Ruby,2.52
rtomayko/ronn,2009-11-02 22:11:27 UTC,2018-02-02 06:13:33 UTC,1026,Ruby,2.52
vanilla-framework/vanilla-framework,2015-02-23 12:34:16 UTC,2018-07-30 15:10:57 UTC,242,CSS,2.53
codrops/3DRestaurantMenu,2012-09-26 12:21:18 UTC,2018-11-17 23:28:06 UTC,132,JavaScript,2.53
prodis/correios-cep,2014-02-11 22:13:06 UTC,2018-11-20 16:24:27 UTC,142,Ruby,2.54
caprica/vlcj,2012-01-28 07:42:49 UTC,2018-06-30 04:08:31 UTC,533,Java,2.54
maddhatter/laravel-fullcalendar,2014-12-19 18:30:09 UTC,2018-04-05 23:34:17 UTC,400,PHP,2.55
Juniper/contrail-packages,2014-02-11 16:37:36 UTC,2017-04-05 10:09:02 UTC,10,Python,2.55
sindresorhus/camelcase,2014-10-12 10:58:21 UTC,2018-07-08 01:11:37 UTC,214,JavaScript,2.56
PerfectlyNormal/highcharts-rails,2011-10-10 15:15:39 UTC,2017-11-14 19:07:46 UTC,193,JavaScript,2.56
crcn/mesh.js,2015-03-25 23:26:47 UTC,2017-08-01 02:17:26 UTC,1032,JavaScript,2.57
asakusarb/action_args,2011-04-23 02:58:13 UTC,2018-03-27 07:39:42 UTC,362,Ruby,2.57
r4fek/django-cassandra-engine,2014-07-18 12:34:40 UTC,2018-07-26 14:40:38 UTC,213,Python,2.58
erikringsmuth/app-router,2014-07-16 03:45:04 UTC,2018-03-06 12:35:47 UTC,593,HTML,2.58
duosecurity/duo_client_python,2012-11-27 15:49:33 UTC,2018-12-14 15:28:28 UTC,63,Python,2.59
Kong/unirest-net,2013-07-08 19:57:52 UTC,2018-01-17 11:46:33 UTC,159,C#,2.59
koajs/compose,2013-08-13 04:04:43 UTC,2018-09-27 12:12:18 UTC,485,JavaScript,2.6
nelmio/NelmioCorsBundle,2011-11-04 10:38:47 UTC,2018-02-25 12:59:07 UTC,541,PHP,2.6
GoogleCloudPlatform/cloud-bigtable-client,2014-04-04 14:54:35 UTC,2018-09-27 02:44:21 UTC,102,Java,2.61
looplab/eventhorizon,2014-11-17 08:32:26 UTC,2018-06-21 09:09:27 UTC,528,Go,2.61
nategood/commando,2012-08-19 20:11:06 UTC,2018-07-29 18:12:18 UTC,713,PHP,2.62
dashofcode/tracker_api,2014-03-21 06:58:55 UTC,2018-11-08 21:32:06 UTC,86,Ruby,2.62
appcelerator/titanium_developer,2009-06-15 23:33:37 UTC,2017-11-24 18:29:48 UTC,120,JavaScript,2.63
jquery-textfill/jquery-textfill,2012-01-16 16:58:39 UTC,2018-07-03 20:13:14 UTC,485,JavaScript,2.63
p2t2/figaro,2013-08-14 18:13:17 UTC,2018-07-09 00:31:27 UTC,622,Scala,2.64
google/palette.js,2014-03-26 15:39:13 UTC,2018-04-04 10:28:43 UTC,331,JavaScript,2.64
adimichele/hubspot-ruby,2013-02-18 00:52:23 UTC,2018-12-03 15:41:55 UTC,103,Ruby,2.65
heroku/heroku-buildpack-pgbouncer,2013-04-10 18:37:52 UTC,2018-06-27 07:59:27 UTC,253,Shell,2.65
botelho/flipboard-layout,2012-05-07 11:56:54 UTC,2018-03-16 12:49:23 UTC,624,JavaScript,2.66
thorst/jquery-idletimer,2009-06-02 20:22:01 UTC,2018-03-26 14:00:54 UTC,672,JavaScript,2.66
mattt/Navajo,2014-03-03 21:51:40 UTC,2018-12-10 10:14:38 UTC,846,Objective-C,2.67
cloudfoundry-community/cf-docs-contrib,2013-02-11 17:52:37 UTC,2018-09-19 09:15:32 UTC,141,HTML,2.67
keenlabs/KeenClient-PHP,2013-01-13 01:26:02 UTC,2018-10-24 18:56:23 UTC,135,PHP,2.68
mikamai/ruby-lol,2013-12-11 08:16:21 UTC,2018-06-11 11:54:14 UTC,79,Ruby,2.68
jessesquires/JSQCoreDataKit,2015-03-17 18:53:01 UTC,2018-10-23 02:40:58 UTC,458,Swift,2.69
kupriyanenko/jbone,2013-11-05 00:19:40 UTC,2018-03-01 00:47:46 UTC,286,JavaScript,2.69
stfalcon/TinymceBundle,2011-05-17 23:17:52 UTC,2018-03-14 15:05:56 UTC,230,PHP,2.7
krasimir/gifffer,2014-06-18 15:11:33 UTC,2018-10-10 18:25:24 UTC,627,JavaScript,2.7
sonata-project/SonataPageBundle,2010-12-06 00:18:21 UTC,2018-09-07 09:03:02 UTC,165,PHP,2.71
pallets/markupsafe,2010-06-22 17:22:58 UTC,2018-11-05 18:30:20 UTC,226,Python,2.71
iamnoah/writeCapture,2009-11-25 01:50:29 UTC,2018-01-07 20:37:02 UTC,240,JavaScript,2.72
zendframework/zend-crypt,2015-05-08 13:27:53 UTC,2018-05-08 20:58:14 UTC,61,PHP,2.72
upper/db,2013-10-23 02:04:36 UTC,2018-04-27 18:52:15 UTC,1204,Go,2.73
GraphAlchemist/Alchemy,2013-12-02 19:19:12 UTC,2018-12-21 22:12:03 UTC,459,CoffeeScript,2.73
muesli/smartcrop,2014-04-07 22:40:03 UTC,2018-05-31 07:31:29 UTC,1103,Go,2.74
knode/node-meatspace,2013-09-22 18:12:48 UTC,2017-03-21 08:38:15 UTC,102,JavaScript,2.74
googlearchive/firebase-token-generator-node,2013-02-08 01:05:04 UTC,2018-09-28 18:51:58 UTC,180,JavaScript,2.75
kenjis/ci-phpunit-test,2015-05-10 05:22:43 UTC,2018-05-06 03:55:08 UTC,370,PHP,2.75
yuantiku/flyboard,2014-06-23 09:28:01 UTC,2017-09-29 03:32:10 UTC,288,HTML,2.76
zimbatm/socketmaster,2012-11-09 15:22:37 UTC,2017-11-21 08:58:08 UTC,531,Go,2.76
Unknwon/goconfig,2013-03-12 20:35:38 UTC,2018-04-30 04:49:00 UTC,346,Go,2.77
rackerlabs/canon-jenkins,2013-09-08 15:43:56 UTC,2017-11-30 09:50:25 UTC,116,CSS,2.77
StreetVoice/HysteriaPlayer,2013-01-18 10:30:53 UTC,2017-12-21 11:17:38 UTC,536,Objective-C,2.78
rollbar/node_rollbar,2012-08-14 04:31:20 UTC,2017-09-04 20:47:11 UTC,82,JavaScript,2.78
rapid7/ssh-badkeys,2015-01-21 21:25:45 UTC,2018-12-05 20:27:22 UTC,448,,2.79
arangamani/jenkins_api_client,2012-10-15 07:57:41 UTC,2018-11-17 21:30:08 UTC,364,Ruby,2.79
enragedginger/akka-quartz-scheduler,2013-04-13 02:48:41 UTC,2018-07-05 01:15:05 UTC,419,Scala,2.8
Adldap2/Adldap2,2015-04-09 13:41:26 UTC,2018-10-24 12:49:34 UTC,447,PHP,2.8
google/zopfli,2015-03-09 10:32:36 UTC,2018-11-14 01:20:01 UTC,2364,C++,2.81
vishnubob/python-midi,2011-04-20 08:01:18 UTC,2018-11-26 04:02:47 UTC,804,C,2.81
smalot/pdfparser,2013-08-30 21:58:21 UTC,2018-07-18 13:07:49 UTC,868,PHP,2.82
hapijs/hapi-auth-basic,2014-01-02 23:27:02 UTC,2017-11-26 05:20:14 UTC,104,JavaScript,2.82
adgsm/multi-level-push-menu,2013-11-03 17:04:34 UTC,2018-03-09 08:19:00 UTC,783,JavaScript,2.83
codeforamerica/codeforamerica.org,2013-07-31 20:52:59 UTC,2017-06-01 18:43:50 UTC,180,HTML,2.83
codemix/yii2-localeurls,2014-10-14 13:20:42 UTC,2018-12-19 18:05:54 UTC,324,PHP,2.84
s-panferov/awesome-typescript-loader,2015-02-20 18:09:16 UTC,2018-10-09 13:05:34 UTC,1749,TypeScript,2.84
RubaXa/jquery.fileapi,2013-07-15 17:10:27 UTC,2018-04-17 01:57:06 UTC,874,JavaScript,2.85
mattheworiordan/capybara-screenshot,2011-10-12 15:08:25 UTC,2018-11-15 13:43:16 UTC,911,Ruby,2.85
OWASP/OWASP-WebScarab,2009-11-20 06:57:20 UTC,2018-04-25 13:58:36 UTC,389,Java,2.86
strongloop/loopback-example-access-control,2013-12-11 03:51:23 UTC,2018-03-28 22:45:09 UTC,314,JavaScript,2.86
jruby/jruby-rack,2008-05-14 02:57:24 UTC,2018-03-17 01:19:34 UTC,392,Ruby,2.87
prompt-toolkit/ptpython,2014-09-29 10:11:42 UTC,2018-11-19 21:27:03 UTC,2956,Python,2.87
CakeDC/migrations,2010-02-16 11:13:30 UTC,2018-04-03 18:36:58 UTC,348,PHP,2.88
seishun/node-steam,2012-09-15 18:57:52 UTC,2018-12-01 00:00:50 UTC,904,JavaScript,2.88
Devskiller/jfairy,2013-10-07 18:48:28 UTC,2018-07-28 11:03:58 UTC,468,Java,2.89
sanctuary-js/sanctuary,2015-01-19 05:52:10 UTC,2018-06-04 13:57:02 UTC,1444,JavaScript,2.89
ericclemmons/react-resolver,2015-01-29 16:15:48 UTC,2018-06-20 21:11:04 UTC,1590,JavaScript,2.9
ToothlessGear/node-gcm,2012-07-01 00:04:03 UTC,2018-05-24 04:26:45 UTC,1201,JavaScript,2.9
JonAbrams/synth,2013-11-01 06:19:39 UTC,2016-12-29 10:08:34 UTC,1020,JavaScript,2.91
square/cane,2012-01-14 19:33:47 UTC,2018-12-21 14:30:32 UTC,1343,Ruby,2.91
evermeer/EVReflection,2015-04-29 12:07:41 UTC,2018-10-22 20:19:47 UTC,868,Swift,2.92
zfcampus/zf-apigility-skeleton,2013-08-15 17:48:59 UTC,2018-09-07 15:32:33 UTC,474,PHP,2.92
audreyt/node-webworker-threads,2012-11-02 19:40:36 UTC,2018-08-31 12:03:48 UTC,1844,C++,2.93
VerbalExpressions/CSharpVerbalExpressions,2013-07-25 16:59:59 UTC,2018-02-11 12:49:21 UTC,892,C#,2.93
EddyBorja/MLPSpotlight,2013-01-31 02:46:34 UTC,2016-12-29 11:21:22 UTC,510,Objective-C,2.94
snaptortoise/konami-js,2010-05-07 18:10:30 UTC,2018-12-21 08:59:25 UTC,735,JavaScript,2.94
benbalter/word-to-markdown,2014-03-22 20:03:23 UTC,2018-08-01 18:02:40 UTC,947,Ruby,2.95
VividCortex/angular-recaptcha,2013-06-12 01:05:09 UTC,2018-07-30 13:49:45 UTC,475,JavaScript,2.95
chinchang/cta.js,2015-03-22 19:12:13 UTC,2018-02-19 03:36:02 UTC,1574,JavaScript,2.96
kardianos/service,2015-01-06 00:12:22 UTC,2018-11-16 13:10:08 UTC,1557,Go,2.96
redis-store/redis-rails,2011-09-08 07:17:49 UTC,2017-12-23 13:43:40 UTC,718,Ruby,2.97
mitsuhiko/pluginbase,2014-06-30 20:51:42 UTC,2018-12-18 03:12:08 UTC,744,Python,2.97
apache/incubator-singa,2015-04-02 07:00:05 UTC,2018-11-16 03:52:08 UTC,1521,C++,2.98
0xced/XCDYouTubeKit,2013-05-17 20:59:57 UTC,2018-10-22 23:18:32 UTC,2400,Objective-C,2.98
segmentio/analytics-ios,2013-03-09 02:46:59 UTC,2018-12-17 05:14:50 UTC,288,Objective-C,2.99
jonase/kibit,2012-03-04 18:57:05 UTC,2018-11-30 16:59:45 UTC,1452,Clojure,2.99
hoteltonight/HTAutocompleteTextField,2012-12-27 21:21:23 UTC,2017-10-10 07:09:43 UTC,1073,Objective-C,3.0
jquery-archive/plugins.jquery.com,2011-11-30 21:04:08 UTC,2017-11-24 18:33:04 UTC,1304,JavaScript,3.0
gmoledina/GMGridView,2011-10-10 07:15:59 UTC,2017-07-20 09:58:22 UTC,2384,Objective-C,3.01
Yalantis/PullToRefresh,2015-05-22 07:51:25 UTC,2018-11-18 02:46:26 UTC,970,Swift,3.01
mindmup/mapjs,2013-01-16 18:06:32 UTC,2018-03-08 08:48:37 UTC,631,JavaScript,3.02
swipely/docker-api,2013-06-13 19:29:58 UTC,2018-03-16 19:57:55 UTC,870,Ruby,3.02
PebbleTemplates/pebble,2012-12-27 02:04:22 UTC,2018-11-13 15:28:39 UTC,661,Java,3.03
rpush/rpush,2013-01-02 14:46:47 UTC,2018-12-03 09:37:08 UTC,1484,Ruby,3.03
chef/chef-provisioning,2013-11-15 17:10:52 UTC,2018-12-06 20:44:13 UTC,538,Ruby,3.04
libpd/libpd,2011-11-13 19:16:13 UTC,2018-11-06 15:20:48 UTC,725,C#,3.04
bjornharrtell/jsts,2011-02-13 20:14:35 UTC,2018-12-21 13:39:53 UTC,801,JavaScript,3.05
apache/cordova-cli,2012-12-12 08:00:28 UTC,2018-12-22 06:43:26 UTC,702,JavaScript,3.05
yuku/jquery-textcomplete,2013-08-24 06:22:06 UTC,2018-11-27 21:54:42 UTC,1640,JavaScript,3.06
StackStorm/st2,2014-04-23 00:51:34 UTC,2018-05-08 06:03:46 UTC,2600,Python,3.06
getsentry/sentry-php,2012-01-23 07:34:48 UTC,2018-11-09 13:20:46 UTC,898,PHP,3.07
Luracast/Restler,2011-04-08 17:39:58 UTC,2018-12-08 10:17:17 UTC,1262,JavaScript,3.07
DoersGuild/jQuery.print,2012-07-16 13:13:36 UTC,2018-05-06 04:07:28 UTC,441,JavaScript,3.08
Microsoft/WindowsUIDevLabs,2015-05-06 00:02:58 UTC,2018-04-30 08:33:54 UTC,679,C#,3.08
florianv/swap,2014-05-09 13:20:05 UTC,2018-07-20 17:00:26 UTC,944,PHP,3.09
taf2/curb,2008-07-15 15:31:43 UTC,2018-12-03 19:49:31 UTC,1164,C,3.09
RReverser/mpegts,2013-11-24 10:18:40 UTC,2018-04-27 03:36:59 UTC,809,JavaScript,3.1
inspirit/jsfeat,2012-11-08 12:35:55 UTC,2018-04-02 14:10:30 UTC,2253,JavaScript,3.1
rueckstiess/mtools,2012-09-14 07:28:16 UTC,2018-09-28 17:23:41 UTC,1222,HTML,3.11
DamnWidget/anaconda,2013-07-21 15:14:07 UTC,2018-04-09 17:24:11 UTC,1775,Python,3.11
bassjobsen/Bootstrap-3-Typeahead,2013-09-07 21:01:41 UTC,2018-04-09 06:43:10 UTC,1475,JavaScript,3.12
tc39/agendas,2013-05-23 15:00:22 UTC,2018-04-30 05:25:11 UTC,327,JavaScript,3.12
codrops/HoverEffectIdeas,2014-06-19 08:42:20 UTC,2018-12-18 09:07:03 UTC,1365,CSS,3.13
jenkinsci/performance-plugin,2010-12-14 20:37:47 UTC,2018-06-20 00:25:50 UTC,121,Java,3.13
there4/markdown-resume,2012-02-28 14:28:58 UTC,2018-10-22 15:49:25 UTC,1325,CSS,3.14
jdesboeufs/connect-mongo,2011-03-08 03:34:35 UTC,2018-12-03 09:49:20 UTC,1555,JavaScript,3.14
carmen-ruby/carmen,2009-03-17 19:18:42 UTC,2018-05-08 13:38:12 UTC,938,Ruby,3.15
cakephp/app,2013-09-16 10:52:22 UTC,2018-12-09 11:32:28 UTC,216,PHP,3.15
facebook/planout,2014-01-26 00:07:54 UTC,2018-05-01 00:02:25 UTC,1230,JavaScript,3.16
petertodd/python-bitcoinlib,2013-03-14 05:46:34 UTC,2018-05-06 20:40:49 UTC,822,Python,3.16
kikinteractive/app,2012-09-11 19:10:07 UTC,2018-12-21 11:30:11 UTC,2797,JavaScript,3.17
inversify/InversifyJS,2015-04-07 21:04:38 UTC,2018-10-18 05:33:53 UTC,3288,TypeScript,3.17
RolifyCommunity/rolify,2011-06-03 20:54:40 UTC,2018-03-29 09:35:05 UTC,2335,Ruby,3.18
lxc/lxd,2014-11-04 22:40:52 UTC,2018-06-22 20:02:03 UTC,1805,Go,3.18
pa11y/pa11y,2013-03-05 09:51:11 UTC,2018-10-18 15:07:39 UTC,1890,JavaScript,3.19
panique/mini,2013-11-06 22:13:20 UTC,2018-04-27 10:32:52 UTC,1201,PHP,3.19
flynn/flynn,2013-07-09 18:22:06 UTC,2018-06-17 16:18:19 UTC,6723,Go,3.2
fengyuanchen/distpicker,2014-01-09 08:37:07 UTC,2018-12-01 10:22:38 UTC,1204,JavaScript,3.2
adamschwartz/log,2013-04-12 19:08:58 UTC,2018-03-28 16:59:43 UTC,2585,JavaScript,3.21
simogeo/Filemanager,2010-02-19 08:20:33 UTC,2018-03-28 21:01:14 UTC,895,JavaScript,3.21
unclebob/fitnesse,2008-12-06 19:38:59 UTC,2018-12-10 06:09:27 UTC,1246,Java,3.22
tholman/zenpen,2013-01-28 20:41:25 UTC,2018-03-29 04:52:41 UTC,3708,JavaScript,3.22
cedarbdd/cedar,2010-06-08 01:34:14 UTC,2018-03-31 02:40:11 UTC,1153,Objective-C++,3.23
googleads/googleads-mobile-android-examples,2013-12-04 19:36:18 UTC,2018-11-20 21:39:17 UTC,693,Java,3.23
MugunthKumar/MKNetworkKit,2011-11-25 07:10:27 UTC,2018-04-01 06:07:53 UTC,3174,Objective-C,3.24
square/tape,2012-09-10 06:18:49 UTC,2018-12-21 10:40:37 UTC,2231,Java,3.24
toopay/bootstrap-markdown,2013-03-20 14:17:30 UTC,2018-07-22 08:53:49 UTC,1940,JavaScript,3.25
uber/Python-Sample-Application,2014-08-06 21:19:49 UTC,2018-04-10 00:56:32 UTC,252,Python,3.25
angular-google-chart/angular-google-chart,2013-04-17 22:20:49 UTC,2018-03-29 02:54:30 UTC,886,JavaScript,3.26
lokesh/lightbox2,2011-10-16 19:09:17 UTC,2018-09-28 15:23:02 UTC,4163,JavaScript,3.26
nathanl/authority,2012-03-09 18:31:06 UTC,2018-04-30 00:06:28 UTC,1266,Ruby,3.27
pocorall/scaloid,2012-10-08 05:53:22 UTC,2018-03-19 03:32:07 UTC,2096,Scala,3.27
cloudfoundry/uaa,2012-02-07 22:40:55 UTC,2018-07-21 23:52:58 UTC,784,Java,3.28
symfony/http-kernel,2011-02-22 18:04:06 UTC,2018-12-08 11:26:11 UTC,4820,PHP,3.28
yackle/CLImageEditor,2013-11-15 05:59:55 UTC,2018-10-23 19:58:34 UTC,2005,Objective-C,3.29
SocketCluster/socketcluster,2013-09-23 12:11:47 UTC,2018-11-20 19:44:47 UTC,4986,JavaScript,3.29
goatslacker/alt,2014-12-19 09:44:04 UTC,2018-03-09 09:29:04 UTC,3467,JavaScript,3.3
riccardoscalco/textures,2015-01-28 12:24:23 UTC,2018-01-21 17:21:57 UTC,4324,JavaScript,3.3
auth0/lock,2014-08-12 18:28:41 UTC,2018-11-23 18:54:40 UTC,798,JavaScript,3.31
zxh0/jvm.go,2015-01-07 08:46:46 UTC,2018-05-02 06:04:31 UTC,2256,Go,3.31
adafruit/Adafruit_NeoPixel,2012-12-12 19:16:00 UTC,2018-11-19 09:27:35 UTC,1536,C++,3.32
immersive-web/webvr-polyfill,2015-01-30 19:23:46 UTC,2018-12-11 00:21:00 UTC,1146,JavaScript,3.32
facebookarchive/fixed-data-table,2015-01-28 04:19:02 UTC,2018-11-28 09:19:39 UTC,4310,JavaScript,3.33
facebook/Tweaks,2014-03-14 02:58:52 UTC,2018-10-25 07:37:27 UTC,4706,Objective-C,3.33
jwplayer/jwplayer,2014-03-31 20:34:20 UTC,2018-05-06 04:10:21 UTC,1614,JavaScript,3.34
octoblu/meshblu,2013-10-25 18:35:52 UTC,2018-03-15 08:23:27 UTC,812,CoffeeScript,3.34
jquery-boilerplate/jquery-boilerplate,2011-05-17 12:49:29 UTC,2018-02-26 13:12:38 UTC,2561,JavaScript,3.35
postmanlabs/newman,2014-03-05 17:52:17 UTC,2018-12-21 20:58:04 UTC,3195,JavaScript,3.35
assaf/zombie,2010-12-05 23:17:43 UTC,2018-12-09 11:59:48 UTC,5091,JavaScript,3.36
apache/incubator-gobblin,2014-12-01 18:10:50 UTC,2018-11-30 06:52:42 UTC,1322,Java,3.36
appcelerator/titanium_modules,2011-01-19 21:18:13 UTC,2017-11-24 18:33:54 UTC,635,,3.37
facebook/regenerator,2013-10-05 14:37:03 UTC,2018-11-16 21:34:24 UTC,2561,JavaScript,3.37
belaban/JGroups,2010-11-07 15:51:28 UTC,2018-09-27 17:39:45 UTC,669,Java,3.38
paypal/accessible-html5-video-player,2014-09-04 18:11:53 UTC,2018-12-22 12:31:26 UTC,2171,JavaScript,3.38
googleapis/google-cloud-go,2014-05-09 11:11:58 UTC,2018-12-20 09:08:07 UTC,1474,Go,3.39
knightliao/disconf,2014-05-30 09:39:27 UTC,2018-12-21 14:26:09 UTC,4422,Java,3.39
Hacker0x01/react-datepicker,2014-06-22 07:40:48 UTC,2018-12-03 07:15:56 UTC,3207,JavaScript,3.4
aasm/aasm,2008-02-28 20:40:04 UTC,2018-09-07 08:48:37 UTC,3429,Ruby,3.4
sass/node-sass,2012-04-24 18:46:30 UTC,2018-12-16 18:03:06 UTC,5788,C++,3.41
symfony/demo,2015-03-24 10:37:08 UTC,2018-12-08 05:24:49 UTC,1434,PHP,3.41
bitcoinjs/bitcoinjs-lib,2011-05-04 16:03:45 UTC,2018-12-18 16:58:56 UTC,3187,JavaScript,3.42
milessabin/shapeless,2011-12-18 13:36:38 UTC,2018-07-11 18:09:08 UTC,2523,Scala,3.42
facebookarchive/origami,2013-12-16 23:37:18 UTC,2017-12-30 04:10:15 UTC,3384,Objective-C,3.43
Atlantic18/DoctrineExtensions,2010-09-03 12:08:12 UTC,2018-07-26 23:08:55 UTC,2260,PHP,3.43
eduardolundgren/tracking.js,2012-06-18 04:39:34 UTC,2018-05-04 08:24:39 UTC,6499,JavaScript,3.44
node-serialport/node-serialport,2010-09-07 12:24:28 UTC,2018-12-19 18:18:31 UTC,3714,JavaScript,3.44
gaearon/react-hot-boilerplate,2014-08-23 16:38:09 UTC,2018-04-05 20:14:23 UTC,3892,JavaScript,3.45
jenkinsci/pipeline-plugin,2014-05-10 01:47:09 UTC,2018-06-26 16:31:50 UTC,1398,,3.45
mathiasbynens/jquery-placeholder,2010-01-19 21:26:21 UTC,2018-05-03 01:03:06 UTC,4148,JavaScript,3.46
kelektiv/node.bcrypt.js,2010-04-15 05:17:17 UTC,2018-10-18 12:57:55 UTC,4002,C++,3.46
GoogleCloudPlatform/python-docs-samples,2015-05-04 23:26:13 UTC,2018-12-12 02:19:57 UTC,2354,Python,3.47
datastax/java-driver,2012-11-19 18:44:41 UTC,2018-10-12 10:19:42 UTC,982,Java,3.47
shelljs/shelljs,2012-03-02 17:04:47 UTC,2018-09-27 02:20:02 UTC,8499,JavaScript,3.48
Microsoft/cpprestsdk,2014-08-21 20:57:45 UTC,2018-12-07 05:01:52 UTC,3401,C++,3.48
foreverjs/forever,2010-09-27 15:47:23 UTC,2018-06-15 22:34:09 UTC,11214,JavaScript,3.49
booksbyus/zguide,2010-08-16 17:31:00 UTC,2018-11-27 13:17:30 UTC,2577,PHP,3.49
uber/coding-challenge-tools,2013-08-01 23:39:21 UTC,2018-04-04 05:07:04 UTC,383,,3.5
beberlei/DoctrineExtensions,2010-02-28 12:14:35 UTC,2018-10-03 01:03:16 UTC,1065,PHP,3.5
bear/python-twitter,2012-09-12 06:51:02 UTC,2018-11-20 00:09:51 UTC,2425,Python,3.51
jquery/esprima,2011-11-23 05:36:43 UTC,2018-12-21 14:51:27 UTC,4912,TypeScript,3.51
facebook/buck,2013-04-17 18:12:18 UTC,2018-05-08 04:45:34 UTC,5773,Java,3.52
synrc/n2o,2013-03-29 18:34:40 UTC,2018-11-17 02:06:53 UTC,1140,Erlang,3.52
apache/zeppelin,2015-03-25 07:00:06 UTC,2018-05-08 09:30:16 UTC,3547,Java,3.53
aws/aws-sdk-go,2014-12-05 05:29:41 UTC,2018-12-22 19:18:44 UTC,4397,Go,3.53
rethinkdb/rethinkdb-legacy,2012-10-30 05:37:47 UTC,2018-11-20 19:38:44 UTC,21789,C++,3.54
nutzam/nutz,2011-06-10 01:25:43 UTC,2018-04-25 02:42:01 UTC,1822,Java,3.54
RNCryptor/RNCryptor,2012-03-17 00:48:37 UTC,2018-10-04 16:55:58 UTC,2949,Swift,3.55
vuejs/vuejs.org,2014-01-05 03:11:14 UTC,2018-12-03 06:39:01 UTC,3048,JavaScript,3.55
CreateJS/EaselJS,2011-01-22 01:36:07 UTC,2018-12-04 12:44:22 UTC,7045,JavaScript,3.56
ribot/android-guidelines,2014-06-18 15:49:56 UTC,2018-09-25 09:07:42 UTC,4077,,3.56
sovereign/sovereign,2013-08-19 22:09:16 UTC,2018-11-21 02:19:00 UTC,7201,Python,3.57
NYTimes/objective-c-style-guide,2013-07-31 18:21:46 UTC,2018-12-06 09:04:02 UTC,5415,,3.57
electron-userland/electron-packager,2015-03-23 02:54:14 UTC,2018-12-13 02:55:58 UTC,5822,JavaScript,3.58
stripe/stripe-php,2011-06-25 19:52:24 UTC,2018-12-21 09:29:39 UTC,1877,PHP,3.58
bitwiseshiftleft/sjcl,2010-05-26 22:12:06 UTC,2018-11-15 18:56:02 UTC,5224,JavaScript,3.59
vuejs/vue-devtools,2014-09-29 03:52:07 UTC,2018-12-07 13:41:52 UTC,11298,JavaScript,3.59
wp-cli/wp-cli,2011-09-10 12:51:59 UTC,2018-08-24 13:52:33 UTC,3744,PHP,3.6
fluent/fluentd,2011-06-19 08:41:40 UTC,2018-12-22 19:59:43 UTC,7177,Ruby,3.6
facebookarchive/swift,2012-05-09 20:24:31 UTC,2018-07-10 10:11:08 UTC,804,Java,3.61
justinwalsh/daux.io,2013-06-03 12:42:18 UTC,2018-03-22 07:36:57 UTC,4690,,3.61
tj/co,2013-06-06 04:06:16 UTC,2018-05-08 08:07:40 UTC,9626,JavaScript,3.62
kvz/locutus,2009-09-03 09:52:00 UTC,2018-09-08 06:58:23 UTC,3087,JavaScript,3.62
nikic/PHP-Parser,2011-04-18 17:03:47 UTC,2018-10-11 03:58:47 UTC,7938,PHP,3.63
mailgun/transactional-email-templates,2014-08-07 12:44:28 UTC,2018-12-02 11:27:52 UTC,6022,HTML,3.63
pagehelper/Mybatis-PageHelper,2014-06-09 15:32:30 UTC,2018-11-26 06:56:02 UTC,5747,Java,3.64
sindresorhus/quick-look-plugins,2013-12-07 15:43:33 UTC,2018-05-07 16:18:14 UTC,10875,,3.64
cferdinandi/smooth-scroll,2013-01-25 03:15:05 UTC,2018-11-15 18:56:20 UTC,3769,JavaScript,3.65
jquery/sizzle,2008-08-24 20:38:54 UTC,2018-12-22 02:45:07 UTC,5570,JavaScript,3.65
idiot/unslider,2012-03-05 13:02:02 UTC,2018-05-02 10:10:46 UTC,4255,JavaScript,3.66
PHPOffice/PHPExcel,2012-06-18 15:30:27 UTC,2018-11-20 02:55:42 UTC,10551,PHP,3.66
chrisbanes/PhotoView,2012-07-17 16:39:00 UTC,2018-06-29 12:59:27 UTC,13415,Java,3.67
enyo/dropzone,2012-02-12 16:19:18 UTC,2018-08-29 06:39:56 UTC,13961,JavaScript,3.67
github/hub,2009-12-05 22:15:25 UTC,2018-11-29 08:39:14 UTC,14106,Go,3.68
niklasvh/html2canvas,2011-07-16 01:05:58 UTC,2018-12-07 03:09:11 UTC,14438,JavaScript,3.68
swagger-api/swagger-editor,2014-05-02 22:47:10 UTC,2018-12-20 19:44:19 UTC,4426,JavaScript,3.69
github/github-services,2010-05-14 20:07:36 UTC,2018-05-09 07:03:26 UTC,1912,Ruby,3.69
tgriesser/knex,2012-12-29 05:18:25 UTC,2018-12-19 17:00:48 UTC,8463,JavaScript,3.7
mattbryson/TouchSwipe-Jquery-Plugin,2011-06-28 11:16:26 UTC,2018-12-01 19:28:27 UTC,3936,JavaScript,3.7
kelektiv/node-cron,2010-06-23 01:25:18 UTC,2018-12-09 20:34:40 UTC,5167,JavaScript,3.71
SVProgressHUD/SVProgressHUD,2011-03-28 19:23:04 UTC,2018-10-22 09:01:17 UTC,11287,Objective-C,3.71
twitter/effectivescala,2012-01-31 17:35:25 UTC,2018-04-03 10:42:26 UTC,1953,HTML,3.72
knockout/knockout,2010-07-05 08:08:34 UTC,2018-10-10 15:02:14 UTC,9153,JavaScript,3.72
twitter/util,2011-03-26 01:23:21 UTC,2018-09-27 21:16:16 UTC,2157,Scala,3.73
doorkeeper-gem/doorkeeper,2011-11-18 13:02:01 UTC,2018-11-08 18:11:55 UTC,4149,Ruby,3.73
Atmosphere/atmosphere,2010-06-30 14:26:23 UTC,2018-12-20 22:10:51 UTC,3263,Java,3.74
filp/whoops,2013-03-11 16:58:27 UTC,2018-10-26 06:40:34 UTC,8529,PHP,3.74
scrooloose/nerdtree,2008-03-10 07:34:08 UTC,2018-11-15 18:24:46 UTC,10727,Vim script,3.75
handsontable/handsontable,2011-05-23 22:38:58 UTC,2018-12-22 15:30:48 UTC,11035,JavaScript,3.75
reactjs/react-tutorial,2014-06-30 04:42:12 UTC,2018-04-24 03:01:34 UTC,3237,JavaScript,3.76
segmentio/nightmare,2014-04-05 22:19:51 UTC,2018-12-22 18:28:10 UTC,16618,JavaScript,3.76
nsqio/nsq,2012-05-12 14:37:08 UTC,2018-10-25 10:15:14 UTC,13638,Go,3.77
magicalpanda/MagicalRecord,2010-07-27 23:58:18 UTC,2018-11-17 03:32:43 UTC,10762,Objective-C,3.77
Netflix/eureka,2012-07-26 22:23:07 UTC,2018-12-06 12:06:23 UTC,6773,Java,3.78
AlloyTeam/Mars,2013-07-24 15:45:15 UTC,2018-09-25 17:12:58 UTC,7386,,3.78
facebook/stetho,2015-01-22 22:34:10 UTC,2018-06-29 15:40:27 UTC,9930,Java,3.79
miniMAC/magic,2013-06-12 21:12:04 UTC,2018-04-01 06:49:47 UTC,5350,CSS,3.79
Famous/famous,2014-04-09 18:05:24 UTC,2017-10-07 22:34:12 UTC,6636,JavaScript,3.8
hammerjs/hammer.js,2012-03-02 12:58:28 UTC,2018-05-08 11:41:51 UTC,18298,JavaScript,3.8
ServiceStack/ServiceStack,2011-02-07 23:19:18 UTC,2018-12-19 13:17:56 UTC,4395,C#,3.81
desandro/masonry,2009-11-21 21:04:56 UTC,2018-09-27 20:39:51 UTC,13494,HTML,3.81
TooTallNate/Java-WebSocket,2010-01-20 23:33:04 UTC,2018-11-16 09:02:28 UTC,4649,Java,3.82
chriso/validator.js,2010-10-06 06:58:48 UTC,2018-11-27 07:53:49 UTC,11926,JavaScript,3.82
apache/thrift,2009-09-18 08:00:17 UTC,2018-11-21 11:18:26 UTC,5511,C++,3.83
NetEase/pomelo,2012-09-20 02:37:07 UTC,2018-11-27 14:46:50 UTC,9750,JavaScript,3.83
phalcon/cphalcon,2011-11-26 05:52:50 UTC,2018-09-07 10:46:57 UTC,9161,PHP,3.84
Studio-42/elFinder,2010-11-19 18:05:06 UTC,2018-12-05 11:49:10 UTC,3078,JavaScript,3.84
maxwellito/vivus,2014-05-13 22:22:18 UTC,2018-06-12 23:53:56 UTC,10339,JavaScript,3.85
stympy/faker,2008-12-24 17:20:37 UTC,2018-11-29 13:26:31 UTC,7199,Ruby,3.85
chaijs/chai,2011-12-07 08:06:35 UTC,2018-12-21 10:25:30 UTC,5932,JavaScript,3.86
ccgus/fmdb,2010-07-06 22:50:17 UTC,2018-09-28 09:20:58 UTC,12708,Objective-C,3.86
serbanghita/Mobile-Detect,2012-08-31 10:58:16 UTC,2018-09-01 15:56:41 UTC,8112,PHP,3.87
wenzhixin/bootstrap-table,2013-08-20 15:34:15 UTC,2018-11-29 14:39:30 UTC,8632,JavaScript,3.87
aFarkas/html5shiv,2011-02-12 12:21:10 UTC,2018-10-24 09:49:05 UTC,9169,JavaScript,3.88
refinery/refinerycms,2009-05-28 20:13:21 UTC,2018-10-30 03:37:06 UTC,3610,Ruby,3.88
interagent/http-api-design,2014-05-07 17:00:37 UTC,2018-04-25 02:12:52 UTC,12754,,3.89
activemerchant/active_merchant,2008-05-20 13:53:26 UTC,2018-12-17 18:08:16 UTC,3913,Ruby,3.89
Reactive-Extensions/RxJS,2012-01-07 00:31:41 UTC,2018-05-07 09:14:56 UTC,19002,JavaScript,3.9
scottjehl/picturefill,2012-02-21 08:35:14 UTC,2018-10-31 05:46:52 UTC,9782,JavaScript,3.9
wagerfield/parallax,2013-08-01 15:28:05 UTC,2018-05-06 10:50:53 UTC,12896,JavaScript,3.91
jquery/jquery-mobile,2010-09-13 15:02:22 UTC,2018-12-21 21:36:28 UTC,10003,JavaScript,3.91
thoughtbot/guides,2012-07-27 03:15:44 UTC,2018-12-22 12:43:53 UTC,7668,Ruby,3.92
rubocop-hq/rubocop,2012-04-21 10:09:58 UTC,2018-12-06 08:21:48 UTC,9576,Ruby,3.92
facebook/facebook-objc-sdk,2010-06-24 22:11:03 UTC,2018-12-01 01:29:05 UTC,5990,Objective-C,3.93
google/flatbuffers,2014-05-19 18:33:01 UTC,2018-12-11 08:48:18 UTC,10910,C++,3.93
thoughtbot/factory_bot,2008-06-03 13:55:37 UTC,2018-12-22 17:06:48 UTC,6242,Ruby,3.94
chrisbanes/Android-PullToRefresh,2011-11-29 09:59:56 UTC,2018-05-01 17:54:14 UTC,8649,Java,3.94
square/picasso,2013-05-14 15:07:47 UTC,2018-12-20 15:48:43 UTC,16288,Java,3.95
framework7io/framework7,2014-02-23 12:15:53 UTC,2018-12-12 17:17:36 UTC,13502,CSS,3.95
h5bp/Effeckt.css,2013-07-02 19:57:06 UTC,2018-12-20 14:12:23 UTC,11234,CSS,3.96
apache/storm,2013-11-05 08:00:14 UTC,2018-12-21 01:55:40 UTC,5469,Java,3.96
janl/mustache.js,2009-10-04 23:41:19 UTC,2018-12-20 23:41:45 UTC,12692,JavaScript,3.97
sequelize/sequelize,2010-07-22 07:11:11 UTC,2018-12-17 05:21:59 UTC,16860,JavaScript,3.97
ariya/phantomjs,2010-12-27 08:18:58 UTC,2018-12-04 12:22:23 UTC,26295,HTML,3.98
composer/composer,2011-06-08 08:53:00 UTC,2018-12-06 07:43:01 UTC,17399,PHP,3.98
symfony/symfony,2010-01-04 14:21:21 UTC,2018-12-06 15:37:58 UTC,19249,PHP,3.99
cocos2d/cocos2d-x,2010-11-18 23:17:00 UTC,2018-12-11 23:13:03 UTC,12642,C++,3.99
google/material-design-icons,2014-10-08 18:01:28 UTC,2018-12-21 07:22:26 UTC,36742,CSS,4.0
alibaba/canal,2013-01-13 10:59:52 UTC,2018-12-11 10:59:23 UTC,6696,Java,4.0
etcd-io/etcd,2013-07-06 21:57:21 UTC,2018-12-13 21:18:04 UTC,21785,Go,4.01
keen/dashboards,2014-08-08 17:16:17 UTC,2018-05-04 17:14:30 UTC,10039,HTML,4.01
webrtc/samples,2013-09-20 10:40:23 UTC,2018-11-23 03:07:45 UTC,5994,JavaScript,4.02
jhipster/generator-jhipster,2013-10-21 20:07:22 UTC,2018-12-21 10:53:40 UTC,12286,JavaScript,4.02
gohugoio/hugo,2013-07-04 15:26:26 UTC,2018-12-23 01:03:42 UTC,31152,Go,4.03
walkor/Workerman,2013-12-08 07:49:28 UTC,2018-12-12 05:54:53 UTC,6955,PHP,4.03
facebook/folly,2012-06-01 20:49:04 UTC,2018-12-11 19:59:39 UTC,11774,C++,4.04
google/iosched,2014-04-01 22:40:40 UTC,2018-11-26 03:07:39 UTC,17701,Kotlin,4.04
remy/nodemon,2010-10-03 12:50:52 UTC,2018-12-14 17:50:31 UTC,16799,JavaScript,4.05
slimphp/Slim,2010-09-21 01:17:06 UTC,2018-09-17 01:55:05 UTC,9216,PHP,4.05
Semantic-Org/Semantic-UI,2013-04-08 23:32:04 UTC,2018-12-05 10:05:54 UTC,43704,JavaScript,4.06
emberjs/ember.js,2011-05-25 23:39:40 UTC,2018-12-21 17:41:16 UTC,20297,JavaScript,4.06
facebook/rocksdb,2012-11-30 06:16:18 UTC,2018-12-11 03:14:12 UTC,12286,C++,4.07
DefinitelyTyped/DefinitelyTyped,2012-10-05 16:39:45 UTC,2018-12-18 23:52:56 UTC,19182,TypeScript,4.07
jeremyevans/sequel,2008-03-31 05:41:15 UTC,2018-12-02 01:17:52 UTC,3806,Ruby,4.08
Netflix/Hystrix,2012-11-19 20:14:46 UTC,2018-12-20 21:31:45 UTC,16001,Java,4.08
nolimits4web/swiper,2012-03-14 19:11:45 UTC,2018-12-20 16:50:08 UTC,18485,JavaScript,4.09
Automattic/mongoose,2010-04-06 21:39:05 UTC,2018-12-14 18:14:02 UTC,17545,JavaScript,4.09
cakephp/cakephp,2010-05-08 14:38:22 UTC,2018-12-21 01:11:00 UTC,7735,PHP,4.1
Tencent/weui,2014-12-18 04:09:54 UTC,2018-12-01 13:40:06 UTC,20736,CSS,4.1
facebook/jest,2013-12-10 00:18:04 UTC,2018-12-19 14:05:47 UTC,22335,JavaScript,4.11
moment/moment,2011-03-01 02:46:06 UTC,2018-12-21 18:37:54 UTC,39597,JavaScript,4.11
scribejava/scribejava,2010-09-05 19:11:40 UTC,2018-11-30 05:23:43 UTC,4648,Java,4.12
phoenixframework/phoenix,2014-01-20 14:14:11 UTC,2018-12-21 20:30:46 UTC,12972,Elixir,4.12
mozilla/pdf.js,2011-04-26 06:32:03 UTC,2018-12-04 23:24:39 UTC,24443,JavaScript,4.13
Alluxio/alluxio,2012-12-21 17:43:46 UTC,2018-12-04 02:52:36 UTC,3769,Java,4.13
fullstackio/FlappySwift,2014-06-03 05:04:12 UTC,2018-11-20 05:31:13 UTC,8736,Swift,4.14
kubernetes/kubernetes,2014-06-06 22:56:04 UTC,2018-12-22 05:32:17 UTC,45709,Go,4.14
koajs/koa,2013-07-20 18:53:45 UTC,2018-12-01 09:45:22 UTC,24073,JavaScript,4.15
apache/spark,2014-02-25 08:00:08 UTC,2018-12-22 12:25:54 UTC,19976,Scala,4.15
Microsoft/TypeScript,2014-06-17 15:28:39 UTC,2018-12-22 07:26:11 UTC,42727,TypeScript,4.16
almasaeed2010/AdminLTE,2013-12-25 02:52:40 UTC,2018-12-22 09:02:17 UTC,26157,HTML,4.16
thomaspark/bootswatch,2012-02-07 04:31:56 UTC,2018-12-18 21:07:19 UTC,10855,JavaScript,4.17
IanLunn/Hover,2014-01-02 14:27:35 UTC,2018-12-09 08:19:32 UTC,20427,CSS,4.17
Unknwon/the-way-to-go_ZH_CN,2013-03-24 17:18:38 UTC,2018-11-22 13:37:32 UTC,10432,Go,4.18
aosabook/500lines,2013-11-04 02:02:53 UTC,2018-12-06 06:22:24 UTC,20101,JavaScript,4.18
jessesquires/JSQMessagesViewController,2013-02-17 21:40:44 UTC,2018-05-04 05:42:50 UTC,11042,Objective-C,4.19
postcss/postcss,2013-09-24 23:06:48 UTC,2018-12-17 02:13:18 UTC,19858,JavaScript,4.19
Dogfalo/materialize,2014-09-12 19:35:38 UTC,2018-11-19 21:08:22 UTC,34430,JavaScript,4.2
sahat/hackathon-starter,2013-11-13 17:24:12 UTC,2018-12-09 18:40:37 UTC,25238,CSS,4.2
Modernizr/Modernizr,2009-09-25 20:13:23 UTC,2018-12-21 11:26:58 UTC,23255,JavaScript,4.21
rapid7/metasploit-framework,2011-08-30 06:13:20 UTC,2018-12-21 11:59:43 UTC,14490,Ruby,4.21
socketio/socket.io,2010-03-11 18:24:48 UTC,2018-12-21 07:29:12 UTC,44659,JavaScript,4.22
dmlc/xgboost,2014-02-06 17:28:03 UTC,2018-12-08 15:07:40 UTC,14310,C++,4.22
electron/electron,2013-04-12 01:47:36 UTC,2018-12-20 21:10:56 UTC,67852,C++,4.23
facebook/fresco,2015-03-02 09:58:04 UTC,2018-11-15 15:12:47 UTC,15116,Java,4.23
facebookarchive/AsyncDisplayKit,2014-06-27 05:29:02 UTC,2018-05-05 07:41:10 UTC,12559,Objective-C++,4.24
jashkenas/coffeescript,2009-12-18 01:39:53 UTC,2018-09-20 06:53:56 UTC,14868,CoffeeScript,4.24
ethereum/wiki,2014-02-14 23:05:17 UTC,2018-11-29 09:00:56 UTC,11708,,4.25
FezVrasta/bootstrap-material-design,2014-08-18 11:54:00 UTC,2018-12-03 12:41:09 UTC,19656,CSS,4.25
zurb/foundation-sites,2011-10-13 23:05:42 UTC,2018-11-15 23:18:38 UTC,27795,HTML,4.26
laravel/framework,2013-01-10 21:27:28 UTC,2018-12-18 14:29:05 UTC,15278,PHP,4.27
sindresorhus/awesome-nodejs,2014-07-11 13:35:34 UTC,2018-11-26 15:47:59 UTC,27200,,4.27
github/hubot-scripts,2011-09-08 05:39:54 UTC,2018-04-30 15:25:44 UTC,3488,CoffeeScript,4.28
webpack/webpack,2012-03-10 10:08:14 UTC,2018-12-22 13:07:20 UTC,45971,JavaScript,4.28
elixir-lang/elixir,2011-01-09 08:43:57 UTC,2018-12-22 17:24:05 UTC,14404,Elixir,4.29
caouecs/Laravel-lang,2013-05-29 22:56:40 UTC,2018-12-04 03:44:44 UTC,3244,PHP,4.3
briannesbitt/Carbon,2012-09-08 02:56:20 UTC,2018-12-06 02:26:08 UTC,11043,PHP,4.31
WordPress/WordPress,2011-12-01 07:05:17 UTC,2018-12-22 05:58:17 UTC,11813,PHP,4.31
mui-org/material-ui,2014-08-18 19:11:54 UTC,2018-12-21 23:24:59 UTC,42903,JavaScript,4.32
blueimp/jQuery-File-Upload,2010-12-01 15:35:32 UTC,2018-11-29 03:38:02 UTC,29479,JavaScript,4.33
ReactTraining/react-router,2014-05-16 22:22:51 UTC,2018-11-26 22:45:15 UTC,33682,JavaScript,4.33
SDWebImage/SDWebImage,2009-09-21 17:39:19 UTC,2018-12-10 17:32:24 UTC,20827,Objective-C,4.34
jashkenas/underscore,2009-10-25 18:31:06 UTC,2018-12-03 16:21:44 UTC,23966,JavaScript,4.34
expressjs/express,2009-06-26 18:56:01 UTC,2018-12-22 21:17:43 UTC,41606,JavaScript,4.35
bulutyazilim/awesome-datascience,2014-07-05 07:07:43 UTC,2018-12-20 21:52:34 UTC,9075,,4.35
impress/impress.js,2011-12-28 22:23:19 UTC,2018-11-29 14:44:53 UTC,34229,JavaScript,4.36
facebook/flux,2014-07-20 23:33:08 UTC,2018-07-10 16:03:57 UTC,15365,JavaScript,4.36
meteor/meteor,2012-01-19 01:58:17 UTC,2018-06-05 18:25:01 UTC,39888,JavaScript,4.37
designmodo/Flat-UI,2013-03-03 15:36:49 UTC,2018-05-01 04:53:23 UTC,13972,CSS,4.37
PHPMailer/PHPMailer,2011-08-23 07:57:17 UTC,2018-12-10 13:17:26 UTC,12217,PHP,4.38
necolas/normalize.css,2011-05-04 10:20:25 UTC,2018-11-27 14:42:58 UTC,33134,CSS,4.38
Alamofire/Alamofire,2014-07-31 05:56:19 UTC,2018-12-06 06:58:36 UTC,29642,Swift,4.39
astaxie/build-web-application-with-golang,2012-08-02 11:49:35 UTC,2018-12-11 03:53:07 UTC,26732,Go,4.4
bcit-ci/CodeIgniter,2011-08-19 13:34:00 UTC,2018-12-08 13:39:22 UTC,16773,PHP,4.4
square/retrofit,2010-09-06 21:39:43 UTC,2018-12-21 14:28:43 UTC,30749,Java,4.41
yiisoft/yii,2012-02-15 16:26:22 UTC,2018-07-20 08:47:09 UTC,4873,PHP,4.41
twbs/bootstrap-sass,2011-09-06 18:58:49 UTC,2018-12-21 02:12:55 UTC,12709,Ruby,4.42
hakimel/reveal.js,2011-06-07 18:54:22 UTC,2018-12-10 19:14:58 UTC,43703,JavaScript,4.42
linnovate/mean,2013-05-22 12:15:47 UTC,2018-12-21 14:13:20 UTC,11455,TypeScript,4.44
rails/rails,2008-04-11 02:19:47 UTC,2018-12-04 16:52:31 UTC,41551,Ruby,4.44
robbyrussell/oh-my-zsh,2009-08-28 18:15:37 UTC,2018-12-22 15:24:19 UTC,80968,Shell,4.45
discourse/discourse,2013-01-12 00:25:55 UTC,2018-12-21 04:34:19 UTC,26952,Ruby,4.45
tastejs/todomvc,2011-06-03 19:56:33 UTC,2018-12-04 14:37:18 UTC,24693,JavaScript,4.46
jashkenas/backbone,2010-09-30 19:41:28 UTC,2018-12-14 21:14:42 UTC,27351,JavaScript,4.49
spring-projects/spring-framework,2010-12-08 04:04:45 UTC,2018-12-22 13:46:45 UTC,25543,Java,4.49
domnikl/DesignPatternsPHP,2011-08-22 05:24:31 UTC,2018-12-04 01:32:58 UTC,16308,PHP,4.5
caolan/async,2010-06-01 21:01:30 UTC,2018-10-01 01:09:17 UTC,24691,JavaScript,4.51
jekyll/jekyll,2008-10-20 06:29:03 UTC,2018-12-09 04:14:15 UTC,36213,Ruby,4.59
mrdoob/three.js,2010-03-23 18:58:01 UTC,2018-12-21 12:12:09 UTC,47340,JavaScript,4.59
vuejs/vue,2013-07-29 03:24:51 UTC,2018-12-14 08:05:50 UTC,122099,JavaScript,4.6
lodash/lodash,2012-04-07 04:11:46 UTC,2018-12-21 18:24:00 UTC,36397,JavaScript,4.61
zxing/zxing,2011-10-12 14:07:27 UTC,2018-09-26 15:27:11 UTC,20127,Java,4.61
h5bp/Front-end-Developer-Interview-Questions,2012-02-09 23:34:10 UTC,2018-12-21 15:03:21 UTC,38465,HTML,4.62
spring-projects/spring-boot,2012-10-19 15:02:57 UTC,2018-12-21 08:07:37 UTC,32320,Java,4.63
sindresorhus/awesome,2014-07-11 13:42:37 UTC,2018-12-05 07:01:50 UTC,97480,,4.64
laravel/laravel,2011-06-08 03:06:08 UTC,2018-12-21 03:46:41 UTC,47986,PHP,4.64
jquery/jquery,2009-04-03 15:20:14 UTC,2018-12-22 17:28:51 UTC,50614,JavaScript,4.65
daneden/animate.css,2011-10-12 10:07:38 UTC,2018-12-06 14:55:19 UTC,55946,CSS,4.65
github/gitignore,2010-11-08 20:17:14 UTC,2018-12-21 20:44:02 UTC,76692,,4.66
avelino/awesome-go,2014-07-06 13:42:15 UTC,2018-12-18 23:14:12 UTC,38160,Go,4.68
facebook/react-native,2015-01-09 18:10:16 UTC,2018-12-21 02:49:01 UTC,72092,JavaScript,4.68
ReactiveX/RxJava,2013-01-08 20:11:48 UTC,2018-12-08 11:53:50 UTC,36670,Java,4.7
angular/angular.js,2010-01-06 00:34:37 UTC,2018-12-21 15:19:10 UTC,59308,JavaScript,4.74
torvalds/linux,2011-09-04 22:48:12 UTC,2018-12-23 00:57:41 UTC,67199,C,4.78
d3/d3,2010-09-27 17:22:42 UTC,2018-12-21 22:52:02 UTC,81160,JavaScript,4.8
h5bp/html5-boilerplate,2010-01-24 18:03:24 UTC,2018-12-21 15:05:24 UTC,41848,JavaScript,4.8
airbnb/javascript,2012-11-01 23:13:50 UTC,2018-12-07 15:00:59 UTC,79342,JavaScript,4.81
Homebrew/legacy-homebrew,2009-05-20 19:38:37 UTC,2018-04-23 19:59:16 UTC,28560,Ruby,4.9
facebook/react,2013-05-24 16:15:54 UTC,2018-12-22 18:53:09 UTC,118169,JavaScript,4.91
twbs/bootstrap,2011-07-29 21:19:00 UTC,2018-12-21 22:39:22 UTC,129519,CSS,5.0
